species,.alfa.-Copaene,.alpha.-Cubebene,.alpha.-Farnesene,.beta.-Bisabolene,.beta.-copaene,.beta.-Myrcene,.beta.-Ocimene,.beta.-Phellandrene,.beta.-Pinene,.gamma.-Terpinene,(-)-.beta.-Bourbonene,(+)-2-Bornanone,(+)-3-Carene,"(1R,2S,6S,7S,8S)-8-Isopropyl-1-methyl-3-methylenetricyclo[4.4.0.02,7]decane-rel-","(1R,5R)-4-Methylene-1-((R)-6-methylhept-5-en-2-yl)bicyclo[3.1.0]hexane, (relative configuration)","(1R)-2,6,6-Trimethylbicyclo[3.1.1]hept-2-ene","(1S,2R,4R,7R)-4-Isopropyl-7-methyl-3,8-dioxatricyclo[5.1.0.02,4]octane","(1S,3S,5S)-1-Isopropyl-4-methylenebicyclo[3.1.0]hexan-3-yl acetate","(1S,4aR,8aS)-1-Isopropyl-7-methyl-4-methylene-1,2,3,4,4a,5,6,8a-octahydronaphthalene","(3E,5E)-2,6-Dimethylocta-3,5,7-trien-2-ol","(3R,3aR,3bR,4S,7R,7aR)-4-Isopropyl-3,7-dimethyloctahydro-1H-cyclopenta[1,3]cyclopropa[1,2]benzen-3-ol","(3R,6S)-2,2,6-Trimethyl-6-vinyltetrahydro-2H-pyran-3-ol",(E)-4-Oxohex-2-enal,"(E)-4,8-Dimethylnona-1,3,7-triene",(R)-(-)-(Z)-14-Methyl-8-hexadecen-1-ol,"(S)-(+)-1,2-Propanediol","(Z)-2,2-Dimethyl-3-(3-methylpenta-2,4-dien-1-yl)oxirane",(Z)-Hex-3-enyl (E)-2-methylbut-2-enoate,"[1,1'-Bicyclopentyl]-2-one","1-Butanol, 2-methyl-","1-Butanol, 2-methyl-, acetate","1-Butanol, 3-methyl-","1-Butanol, 3-methyl-, acetate",1-Chloroeicosane,"1-Cyclohexene-1-carboxaldehyde, 4-(1-methylethenyl)-, (S)-","1-Decanol, 2-octyl-","1-Decene, 3,3,4-trimethyl-","1-Dodecanol, 3,7,11-trimethyl-","1-Heptanol, 2,4-diethyl-",1-Heptene,"1-Heptene, 2-methyl-",1-Hexadecanol,"1-Hexene, 3,5-dimethyl-",1-Nonanol,1-Nonene,1-Pentanol,"1-Pentanol, 2-ethyl-4-methyl-","1-Pentanol, 4-methyl-",1-Penten-3-ol,1-Penten-3-one,"1-Pentene, 4-methyl-","1-Propanamine, N,2-dimethyl-N-nitroso-","1-Propanol, 2-methyl-",1-Tetradecanol,1-Undecene,"1,2,4-Metheno-1H-indene, octahydro-1,7a-dimethyl-5-(1-methylethyl)-, [1S-(1.alpha.,2.alpha.,3a.beta.,4.alpha.,5.alpha.,7a.beta.","1,3-Cyclopentadiene, 1,3-bis(1-methylethyl)-","1,3-Cyclopentanediol, cis-","1,3-Octadiene","1,3,5-Cycloheptatriene, 1-methoxy-","1,3,8-p-Menthatriene","1,4-Cyclohexadiene, 3-ethenyl-1,2-dimethyl-","1,4-Cyclohexanedione, 2,2,6-trimethyl-","1,4-Methanophthalazine, 1,4,4a,5,6,7,8,8a-octahydro-9,9-dimethyl-, (1.alpha.,4.alpha.,4a.alpha.,8a.alpha.)-","1,4,7,-Cycloundecatriene, 1,5,9,9-tetramethyl-, Z,Z,Z-","1,5-Heptadiene, 3,3,6-trimethyl-","1,5,7-Octatrien-3-ol, 2,6-dimethyl-","1,7-Octadien-3-one, 2-methyl-6-methylene-","1,7-Octadiene-3,6-diol, 2,6-dimethyl-",11-Methyldodecanol,"2-Butanone, 3-methyl-","2-Butanone, 4-hydroxy-3-(hydroxymethyl)-3-methyl-","2-Butenal, 3-methyl-","2-Butenedioic acid (Z)-, monododecyl ester","2-Butenoic acid, 2-methyl-, methyl ester, (Z)-","2-Butenoic acid, 3-methyl-, ethyl ester","2-Butenoic acid, 3-methyl-, methyl ester","2-Cyclohexen-1-ol, 1-methyl-4-(1-methylethenyl)-, trans-","2-Cyclopenten-1-one, 3-methyl-2-(2-pentenyl)-, (Z)-","2-Furanmethanol, 5-ethenyltetrahydro-.alpha.,.alpha.,5-trimethyl-, cis-","2-Heptanol, (S)-",2-Heptanone,"2-Hexanone, 4-methyl-","2-Hexen-1-ol, (Z)-","2-Hexenal, (E)-",2-Nonene,"2-Octene, (E)-","2-Oxabicyclo[2.2.2]octan-6-ol, 1,3,3-trimethyl-","2-Oxepanone, 7-methyl-","2-Pentanol, 3-chloro-4-methyl-, (R*,R*)-(.+/-.)-","2-Pentanol, 4-methyl-","2-Penten-1-ol, 2-methyl-, (Z)-","2-Penten-1-ol, 4-methyl-","2-Propanone, 1-hydroxy-","2-Propenoic acid, 2-methyl-, 3-hydroxypropyl ester","2-Propenoic acid, 4-methylpentyl ester","2-Propenoic acid, 6-methylheptyl ester","2-Propenoic acid, octyl ester",2-Tridecanone,"2-Undecanethiol, 2-methyl-","2-Undecenal, E-","2-Undecene, 4,5-dimethyl-, [R*,S*-(Z)]-",2-Vinylfuran,"2,2,6-Trimethyl-4H-1,3-dioxin-4-one","2,3-Butanedione","2,4-Cycloheptadien-1-one, 2,6,6-trimethyl-","2,4,6-Octatriene, 2,6-dimethyl-, (E,E)-","2,4,6-Octatriene, 2,6-dimethyl-, (E,Z)-","2,4,6-Octatriene, 3,4-dimethyl-","2,5-Dimethylhexane-2,5-dihydroperoxide","2,6-Dimethyl-1,3,5,7-octatetraene, E,E-","2,6-Dimethyl-3,5,7-octatriene-2-ol, ,E,E-","2,6-Octadien-1-amine, 3,7-dimethyl-","2,6-Octadien-1-ol, 2,7-dimethyl-","2,6-Octadienal, 3,7-dimethyl-, (E)-","2,6,6-Trimethyl-2-cyclohexene-1,4-dione","2(3H)-Furanone, dihydro-3-methylene-","2H-3,9a-Methano-1-benzoxepin, octahydro-2,2,5a,9-tetramethyl-, [3R-(3.alpha.,5a.alpha.,9.alpha.,9a.alpha.)]-","2H-Inden-2-one, 1,4,5,6,7,7a-hexahydro-7a-methyl-, (S)-","2H-Pyran-2-one, tetrahydro-3,6-dimethyl-","2H-Pyranmethanol, tetrahydro-2,5-dimethyl-",3-(Benzoylthio)-2-methylpropanoic acid,"3-Buten-1-ol, 3-methyl-","3-Buten-2-ol, 2-methyl-","3-Butenenitrile, 2-methyl-",3-Carene,"3-Cyclohexen-1-ol, 4-methyl-1-(1-methylethyl)-, (R)-","3-Hexadecene, (Z)-","3-Hexen-1-ol, (E)-","3-Hexen-1-ol, acetate, (E)-","3-Hexen-1-ol, propanoate, (Z)-","3-Hexenoic acid, methyl ester, (Z)-","3-Hexyne-2,5-diol",3-Methyl-2-(2-methyl-2-butenyl)-furan,"3-Methyl-3-buten-1-ol, acetate","3-Methylpenta-1,3-diene-5-ol, (E)-",3-Pentanone,"3-Penten-2-one, 4-(2,6,6-trimethyl-2-cyclohexen-1-yl)-","3-Tetradecene, (Z)-","3-Undecen-5-yne, (E)-","3,5-Dimethoxytoluene","3,7-Octadiene-2,6-diol, 2,6-dimethyl-","3,7,11,15-Tetramethyl-2-hexadecen-1-ol","4-Decene, 7-methyl-, (E)-",4-Hexen-1-ol,"4-Hexen-1-ol, (Z)-","4-Hexen-1-ol, 2-ethenyl-2,5-dimethyl-","4-Hexen-1-ol, 5-methyl-2-(1-methylethenyl)-, acetate","4-Methyl-1,3-pentadiene","4-Pentenal, 2-ethyl-","4-Pentenoic acid, 2-methyl-, 4-methyl-2-pentyl ester",4-t-Butyl-2-(1-methyl-2-nitroethyl)cyclohexanone,4-t-Pentylcyclohexene,"4,5-Heptadien-2-one, 3,3,6-trimethyl-","4,7,7-Trimethylbicyclo[4.1.0]hept-3-en-2-one",5-Isopropyl-2-methylbicyclo[3.1.0]hexan-2-ol #,"5-Isopropyl-3,3-dimethyl-2-methylene-2,3-dihydrofuran","5-Octadecene, (E)-","6-Tetradecene, (E)-","7-Heptadecene, 1-chloro-",7-Oxabicyclo[2.2.1]heptan-2-one,8-Octadecenal,"Acetic acid, 2-phenylethyl ester","Acetic acid, cinnamyl ester","Acetic acid, heptyl ester","Acetic acid, hexyl ester","Acetic acid, pentyl ester","Acetic acid, phenylmethyl ester",Acetoin,Acetophenone,Anisole,"Benzene, [[(3,7-dimethyl-2,6-octadienyl)oxy]methyl]-, (E)-","Benzene, 1-methoxy-4-methyl-","Benzene, 1-methyl-3-(1-methylethyl)-","Benzene, 1,2-dimethoxy-","Benzene, 1,2,3-trimethoxy-5-methyl-","Benzene, 1,3-dichloro-","Benzoic acid, methyl ester",Benzyl isopentyl ether,"Bicyclo[2.2.1]heptan-2-ol, 1,7,7-trimethyl-, (1S-endo)-","Bicyclo[2.2.1]heptan-2-ol, 1,7,7-trimethyl-, acetate, (1S-endo)-","Bicyclo[2.2.1]heptane, 2,2-dimethyl-3-methylene-, (1S)-","Bicyclo[3.1.0]hex-2-ene, 2-methyl-5-(1-methylethyl)-","Bicyclo[3.1.0]hex-3-en-2-one, 4-methyl-1-(1-methylethyl)-","Bicyclo[3.1.0]hexane, 4-methylene-1-(1-methylethyl)-","Bicyclo[3.1.1]hept-3-en-2-one, 4,6,6-trimethyl-, (1S)-","Bicyclo[3.1.1]heptan-3-ol, 6,6-dimethyl-2-methylene-","Bicyclo[3.1.1]heptan-3-ol, 6,6-dimethyl-2-methylene-, [1S-(1.alpha.,3.alpha.,5.alpha.)]-","Bicyclo[3.1.1]heptan-3-one, 2,6,6-trimethyl-, (1.alpha.,2.alpha.,5.alpha.)-","Bicyclo[3.1.1]heptane, 6,6-dimethyl-2-methylene-, (1S)-","Bicyclo[3.3.0]oct-2-en-7-one, 6-methyl-","Bicyclo[3.3.0]octan-3-one, 7-ethylidene-","Bicyclo[7.2.0]undec-4-ene, 4,11,11-trimethyl-8-methylene-","Borane, diethyl(decyloxy)-",Bornyl acetate,"Butanal, 3-methyl-, oxime","Butanal, O-methyloxime","Butane, 1-fluoro-","Butane, 1,2-dichloro-2-methyl-","Butanedioic acid, 2,3-bis(acetyloxy)-, [R-(R*,R*)]-","Butanenitrile, 2-methyl-","Butanenitrile, 3-methyl-","Butanoic acid, 2-methyl-, methyl ester","Butanoic acid, 3-hexenyl ester, (Z)-","Butanoic acid, 3-methyl-, ethyl ester","Butyl aldoxime, 2-methyl-, syn-",Camphene,"Carbamic acid, N-phenyl-, 1,5-dimethyl-1-vinyl-4-hexenyl ester","Carbonic acid, hexadecyl prop-1-en-2-yl ester","Carbonic acid, hexyl prop-1-en-2-yl ester","Carbonic acid, octyl prop-1-en-2-yl ester","Carbonic acid, tetradecyl vinyl ester","Carbonic acid, undecyl vinyl ester",Carveol,Caryophyllene,Caryophyllene oxide,cis-.alpha.-Bergamotene,"cis-(-)-1,2-Epoxy-p-menth-8-ene",cis-3-Hexenyl cis-3-hexenoate,cis-3-Hexenyl iso-butyrate,cis-3-Hexenyl-.alpha.-methylbutyrate,"cis-p-mentha-1(7),8-dien-2-ol",Copaene,"Cyclobutane, 3-hexyl-1,1,2-trimethyl-",Cyclododecanol,Cycloheptene,"Cyclohexane, 1-ethenyl-1-methyl-2,4-bis(1-methylethenyl)-, [1S-(1.alpha.,2.beta.,4.beta.)]-","Cyclohexane, 1,1-dimethyl-2-propyl-","Cyclohexane, 1,3,5-trimethyl-2-octadecyl-","Cyclohexanol, 1-methyl-4-(1-methylethyl)-","Cyclohexanol, 5-methyl-2-(1-methylethyl)-","Cyclohexene, 3-(1,5-dimethyl-4-hexenyl)-6-methylene-, [S-(R*,S*)]-","Cyclohexene,3-(2-propenyl)-","Cyclooctene, 3-(1-methylethenyl)-","Cyclopentane, 1-ethyl-2-methyl-","Cyclopentane, 1,2-dimethyl-","Cyclopentane, 1,2-dimethyl-, trans-","Cyclopentane, 1,2,4-trimethyl-",Cyclopentanol,"Cyclopentanol, 1,2-dimethyl-3-(1-methylethenyl)-, [1R-(1.alpha.,2.alpha.,3.alpha.)]-",Cyclopentanone,"Cyclopentanone, 2-ethyl-","Cyclopropane, 1,1-dimethyl-2-(3-methyl-1,3-butadienyl)-","Cyclopropane, 2-(1,1-dimethyl-2-propenyl)-1,1-dimethyl-",D-Carvone,D-Limonene,"Decane, 1-(ethenyloxy)-","Decane, 2,8,8-trimethyl-","Decane, 3,3,6-trimethyl-","Decane, 3,7-dimethyl-","Decane, 5-ethyl-5-methyl-","Decanoic acid, silver(1+) salt","Dodecane, 4-cyclohexyl-","Dodecane, 4,9-dipropyl-","E,Z-4-Ethylidenecyclohexene",Eicosanoic acid,Eicosyl octyl ether,"Ethanol, 2-(hexyloxy)-","Ethanone, 1-(2-hydroxyphenyl)-","Ethanone, 1-(3-cyclohexen-1-yl)-","Ethanone, 1-(methylenecyclopropyl)-","Ethanone, 1-cyclopropyl-",Eucalyptol,"Formamide, (2-acetylphenyl)-","Formamide, N-phenyl-","Formic acid, heptyl ester","Formic acid, hexyl ester","Formic acid, pentyl ester","Furan, 2-methyl-",Geraniol,Geranyl acetate,"Heneicosane, 11-cyclopentyl-","Heptadecane, 2,6,10,14-tetramethyl-","Heptane, 2,2,3,3,5,6,6-heptamethyl-","Heptane, 2,5-dimethyl-","Heptane, 2,5,5-trimethyl-","Heptane, 4-methyl-","Hexadecane, 1-(ethenyloxy)-","Hexadecanoic acid, 2-oxo-, methyl ester","Hexane, 1-chloro-","Hexane, 3-ethyl-3-methyl-","Hexane, 3-methyl-4-methylene-","Hexane, 3,4-dimethyl-",Hexyl chloroformate,Hexyl octyl ether,L-.alpha.-Terpineol,L-Lactic acid,Lilac aldehyde B,Linalool,"Methoxyacetic acid, tetradecyl ester",Methyl isovalerate,Methyl vinyl ketone,Muramic acid,Myroxide,n-Nonylcyclohexane,n-Valeric acid cis-3-hexenyl ester,"Naphthalene, 1,2,3,4-tetrahydro-1,6-dimethyl-4-(1-methylethyl)-, (1S-cis)-","Naphthalene, 1,2,3,4,4a,5,6,7-octahydro-4a-methyl-","Naphthalene, 1,2,3,5,6,7,8,8a-octahydro-1,8a-dimethyl-7-(1-methylethenyl)-, [1S-(1.alpha.,7.alpha.,8a.alpha.)]-","Naphthalene, 2-methyl-","Naphthalene, decahydro-1,6-bis(methylene)-4-(1-methylethyl)-, (4.alpha.,4a.alpha.,8a.alpha.)-","Naphthalene, decahydro-4a-methyl-1-methylene-7-(1-methylethenyl)-, [4aR-(4a.alpha.,7.alpha.,8a.beta.)]-",Neryl (S)-2-methylbutanoate,"Octane, 2,6,6-trimethyl-",Octyl tetradecyl ether,"Oleyl alcohol, trifluoroacetate","Oxetane, 2-propyl-","Oxetane, 2,2-dimethyl-","p-Mentha-1,5-dien-8-ol","p-Mentha-1,5,8-triene",Pent-2-ynal,"Pentadecafluorooctanoic acid, dodecyl ester","Pentafluoropropionic acid, decyl ester","Pentafluoropropionic acid, dodecyl ester","Pentafluoropropionic acid, tetradecyl ester","Pentane, 2-nitro-",Petasitene,"phenol, 2-(1,1,3,3-tetramethylbutyl)-","Phenol, 3-(1-methylethyl)-",Phenylethyl Alcohol,Prenol,"Propanal, 2-methyl-, oxime","Propanedioic acid, (benzoylhydrazono)-, dimethyl ester","Propanoic acid, 2-methyl-, 2-methylpropyl ester","Propanoic acid, 2-methyl-, 3-methylbutyl ester","Propanoic acid, 2,2-dimethyl-, 2-ethylhexyl ester","Propyl aldoxime, 2-methyl-, syn-","R-(-)-1,2-propanediol","Sabinyl, 2-methylbutanoate","Sulfurous acid, 2-ethylhexyl octadecyl ester","Sulfurous acid, pentadecyl pentyl ester","Sulfurous acid, pentyl undecyl ester",t-Butylhydroquinone,Thujone,trans-.alpha.-Bergamotene,trans-.beta.-Ocimene,trans-2-[2'-(2''-Methyl-1''-propenyl)cyclopropyl]propan-2-ol,trans-Carveol,trans-Geranylgeraniol,trans-Linalool oxide (furanoid),"trans-p-mentha-1(7),8-dien-2-ol","trans-p-Mentha-2,8-dienol","Tridecane, 2,5-dimethyl-","Undecane, 2,10-dimethyl-",.beta.-Clovene,"1-Pentene, 5-(2,2-dimethylcyclopropyl)-2-methyl-4-methylene-","2,6-Octadien-1-ol, 3,7-dimethyl-, (Z)-","3-Buten-1-one, 2,2-dimethyl-1-phenyl-","3H-3a,7-Methanoazulene, 2,4,5,6,7,8-hexahydro-1,4,9,9-tetramethyl-, [3aR-(3a.alpha.,4.beta.,7.alpha.)]-","6-Octen-1-ol, 3,7-dimethyl-, acetate","6-Octen-1-ol, 3,7-dimethyl-, propanoate","Benzene, 2-ethenyl-1,3-dimethyl-",Heptyl octacosyl ether,Methyleugenol,"Tetradecane, 3-methyl-"
achillea_millefolium,26723.818181818184,0,0,0,0,8141160.278063554,2414608.615258882,0,546434.7272727273,1148641.7929060187,0,8929329.092399403,0,0,154560.1642228739,932768.0897553002,75263.90909090909,0,16700.363636363636,77054.29210134129,0,0,99004.9755300226,1107471.0319352779,26235.219941348976,0,115067.54545454546,45009.98701298701,215679.981427175,173369.27272727274,14805.262295081968,5166.070381231672,5891.818181818182,196934.27272727274,42209.818181818184,0,0,0,5209.545454545455,0,0,144817.63636363635,0,60574.63636363636,45434.454545454544,193854.00432900432,21411.18181818182,266933.651266766,4785.454545454545,0,64754.27272727273,0,41209.965367965364,0,0,0,0,133709.0909090909,63627.664990923055,0,0,27198.06259314456,0,0,58452.63636363636,0,743433.6363636364,87017.81818181818,50610.36363636364,4345.541125541125,0,0,164783.52534562213,0,25990.363636363636,0,0,0,64926.52309985097,0,497702.2380952381,47079.56304985338,121020.3094173586,67213.1173020528,243461.74193548388,0,0,0,0,16875.636363636364,25629.18181818182,10234.727272727272,0,62312.96856149316,0,0,2113.4545454545455,145342.54545454544,0,0,0,0,0,0,0,0,0,74674.81818181818,40885.113263785395,0,98425.09090909091,796243.8181818182,0,0,0,285582.63586915465,0,0,127305.64516129032,0,0,0,0,0,0,95904.30998509687,103157.341991342,0,867359.38311116,3752629.088590063,17439.941348973607,0,0,23451.594634873323,0,0,0,0,0,0,0,0,0,0,0,686219.1818181818,38130.63636363636,0,18783.81818181818,0,11138.621700879767,0,463554.7272727273,166339.08047690016,8482.272727272728,383434.1818181818,0,0,0,0,78016.4502164502,0,0,0,12496.274217585695,633618.3410504533,45282.549829335134,0,77540.97913561849,506795,0,0,0,2528310.5454545454,0,0,10956.818181818182,0,24320.93841642229,640230.8628912071,2046299.9701937407,213623.64006538148,104828.91859136808,0,6004181.372539324,0,67308.37555886737,38953.545454545456,0,2567998,0,0,0,5841.272727272727,385047.36363636365,3812.818181818182,118595.00879765397,15746.727272727272,0,27149.03225806452,122986.52103264266,34458.22902745061,0,46203.480938416425,0,432189.63636363635,420085.0909090909,0,0,0,0,0,0,0,653461.790749529,239852.3337339551,0,6075.363636363636,0,0,29274.18181818182,0,509313.6648215173,0,24360,0,180771.1177347243,377825.71428571426,0,47845.818181818184,56335.72727272727,160540.61102831594,0,29840.727272727272,49773.073313782996,12150.818181818182,0,32880.63636363636,0,0,30951.727272727272,64092.80313904322,0,18246.795827123697,144561.18181818182,7333897.596846306,0,0,0,97217.36363636363,0,78710.81818181818,0,0,137918.56416701578,74233.09090909091,37879.545454545456,0,0,13381.818181818182,0,0,3642339.1158598145,0,0,0,275649.3401759531,7044.232488822654,146148.08047690016,0,8739.22077922078,0,64327.545454545456,0,0,0,0,0,0,11328.272727272728,0,0,0,150394.18181818182,3699.5454545454545,748030.3646459305,751888.8299120235,0,16994.372294372293,0,0,96869.27272727272,0,134939.45454545456,43833.454545454544,81075.26863406293,59789.63636363636,69149.45454545454,0,0,0,48898.47988077497,0,0,6586.727272727273,966257.2727272727,0,28404.800865800866,0,0,5709.941348973607,0,88584.18181818182,162232.32551319647,42343.72727272727,0,0,46219.63636363636,0,0,33988.94562761406,143793.7795779049,0,0,0,0,16046.912023460412,0,93446.49350649351,0,0,0,0,1766927.6497695853,17255.868035190615,0,0,0,13971.454545454546,0,0,66464.36363636363,0,9601.454545454546,0,0,0,0,0,0,0,0,0,0,0
agoseris_aurantiaca,0,0,0,0,0,97283.4,239893.4,0,0,69370,0,0,0,0,0,974329,0,0,0,0,0,0,15204.4,82969.8,0,0,0,0,705800.6,0,0,4497.2,96486,0,0,730840.6,550730.8,0,0,67227.6,0,0,49342,553488.4,20158.6,23114.6,45884.4,0,15230.6,0,0,0,40416.2,0,0,81289.6,0,166628.2,23034,0,0,0,0,0,0,0,0,0,0,0,0,0,0,0,0,0,0,0,0,0,0,0,0,0,0,0,0,0,0,0,130202.6,0,0,0,0,64851.2,0,600765.2,0,0,32683.2,0,0,0,0,0,0,0,3504.6,0,0,0,0,156416,0,0,0,0,0,0,0,0,0,0,0,129806,0,0,0,688507.8,0,0,0,0,0,0,0,0,0,0,0,0,0,9000.6,0,298005.8,89475,0,0,0,0,0,0,0,0,28197.8,0,40062,0,0,0,0,0,0,0,8873,0,0,39634.4,0,0,0,0,32485.2,0,0,0,0,0,0,0,65583,21593.8,0,527532.8,0,0,0,0,76156,0,0,40424.8,435807.8,0,0,0,0,169865.6,0,25447.4,0,0,0,0,3403.6,0,253499,0,0,0,252314.2,0,46021,52230.6,0,0,0,0,0,0,0,0,0,0,0,0,0,0,34303.8,0,0,0,0,0,0,0,0,0,0,0,89911.4,192962.6,0,16022.2,1415141,0,0,52241.4,0,0,0,289329.8,0,0,0,403075,5428,0,0,0,0,0,0,0,0,0,0,18962.4,0,0,0,0,19678.4,0,14225.6,0,0,0,0,0,18726.8,0,0,11638.4,0,0,0,88657.2,593086,0,0,0,0,282649,0,423419,0,0,0,0,0,0,0,320692.2,1775411,0,0,0,17781.2,0,0,0,0,129710.6,0,0,0,0,0,0,0,0,0,0,0,0,0,0,0,0,0,0,0,0,0,0,0,71804.8,0,0,21179.2,13094.6,0,0,0,0,0,0,0,0,0,0,0,0
agoseris_glauca,0,0,0,0,0,195873.4,256108.6,7863,0,20309.2,0,0,0,0,0,249385.6,0,0,0,0,0,0,10812.4,312586.2,0,0,0,0,858913.8,0,0,12425.6,0,143520,0,352361,0,0,0,0,0,258051.2,0,228786.4,0,453271.2,0,0,37268.4,0,202266.4,0,43434.4,0,0,0,0,0,16366.8,0,0,0,0,0,0,0,0,0,0,0,32695.4,0,251406.2,0,0,0,0,0,0,60092.2,0,0,0,0,17010.8,0,0,0,0,485728.2,348554.4,142890.6,0,0,0,87421.2,0,217150.2,0,0,0,0,0,0,0,0,0,0,12721.4,0,0,0,0,0,0,0,0,0,43470,0,0,176500.2,0,0,0,152838.2,15074.4,0,0,1541392.4,0,0,0,0,0,0,0,0,0,0,0,0,0,7598.8,0,191771.8,0,0,59484.8,0,0,0,0,0,0,0,0,238920.6,0,0,0,0,0,0,97551,64599.2,0,11914.4,27622,0,36032.4,0,0,0,0,0,30974.2,0,253558.6,0,0,22678.8,35799,0,303113.2,0,0,0,0,0,0,0,0,484682.4,0,0,0,0,0,0,40294,17819,0,0,0,0,0,102232.4,0,0,0,0,0,38850.2,54946,0,0,0,0,0,0,0,0,0,350808,0,0,0,0,0,0,0,0,0,0,156013.6,0,173954.4,0,0,1577372.6,93730.6,153695.6,0,18190.6,777934.6,0,0,0,0,0,0,105490.8,229240,22014.2,0,709271.4,0,0,63361,0,38595.6,0,0,0,0,177605.4,0,41829.8,0,0,0,104707.2,0,0,0,0,0,0,0,0,9126,0,65751.2,0,28692.4,0,0,291397.2,0,0,0,0,0,337317,0,335505.8,0,0,0,0,0,165103.2,0,115421.8,574645.4,0,19392.6,0,0,0,0,0,0,48721.4,0,0,235780.8,0,63658.2,0,27489,195745.6,0,0,33479,0,0,0,0,0,0,0,0,0,0,0,0,0,0,0,0,0,0,0,0,0,0,0,0,0,0,0,0,0
amelanchier_alnifolia,0,61403.73134328358,0,0,0,0,689100,0,0,0,0,0,236697.76119402985,0,0,133233.4523036989,0,0,0,0,0,0,0,96394.42569759896,0,0,0,0,536024.7696301104,0,0,16363.432835820895,0,0,0,0,0,0,0,0,0,0,0,0,120144.1791044776,0,56873.913043478264,0,33671.19402985075,0,0,0,0,0,0,0,0,0,0,0,0,0,0,0,0,0,0,0,0,0,0,0,49019.10447761194,0,0,0,0,0,0,0,0,0,0,0,0,0,0,0,641685.2109020117,0,0,0,0,0,0,0,0,0,0,0,0,0,0,0,0,0,0,0,18631.739130434784,0,0,0,0,0,0,0,0,0,0,0,0,0,0,0,0,320887.7547047372,0,0,0,221401.7391304348,0,0,0,0,0,0,0,0,0,0,0,0,0,0,0,0,0,0,0,0,0,0,0,0,0,0,0,128344.78260869566,0,0,0,0,0,0,0,0,0,0,164293.77676833226,0,0,0,0,0,0,0,0,0,406200.4347826087,0,0,41524.14665801428,28960.000000000004,0,0,0,0,0,0,110681.7391304348,0,0,0,0,0,0,0,0,0,0,287524.15314730693,275487.2096041532,0,0,0,0,0,0,0,0,0,0,0,0,0,0,0,0,0,0,0,0,0,0,0,0,0,0,0,0,0,0,0,0,0,0,0,0,0,0,0,64373.45879299156,0,0,0,633368.695652174,0,0,0,0,65193.913043478264,0,0,0,0,0,0,0,0,0,0,0,0,0,0,0,0,0,0,0,0,0,0,0,0,0,0,0,0,152369.10447761192,0,0,0,0,0,0,0,0,0,0,0,0,0,0,0,0,0,0,0,0,0,0,0,315505.0746268657,0,0,0,0,0,0,0,0,0,0,0,0,0,0,0,0,0,0,0,0,0,0,0,0,0,85376.95652173914,0,59086.956521739135,0,0,0,0,0,0,0,0,0,0,0,0,0,0,0,0,0,0,0,0,0,0,0
androsace_septentrionalis,0,0,0,0,0,0,0,0,0,0,0,0,0,0,0,193360.5,0,0,0,0,0,0,24762,0,16628.25,0,0,0,398424.25,0,0,0,0,0,0,107804.25,0,0,0,0,0,821567,0,431960.5,124905.75,0,0,0,0,0,345501.25,0,42292.5,0,9992.5,0,0,0,0,0,0,0,0,0,0,0,0,0,0,0,0,0,26252.5,0,0,0,0,0,0,0,0,0,0,0,0,281411.75,0,0,0,0,0,49901,0,0,0,107084.75,0,0,23770.5,0,0,0,0,0,0,0,0,0,0,0,0,0,257898.5,0,0,39838,0,0,0,0,0,0,0,0,0,0,0,0,0,571944.25,0,0,0,0,0,0,0,0,0,0,0,0,0,0,0,0,0,0,0,0,23993,0,0,0,0,0,0,0,0,0,0,0,0,0,0,24311.75,142837.75,0,0,0,18245.5,0,0,0,0,0,0,0,67406.75,0,0,33346,0,0,244720.5,0,0,0,0,0,0,0,0,0,0,0,0,181510.5,0,0,0,24568.5,0,0,0,0,0,0,0,0,0,0,0,0,0,0,0,0,0,0,0,0,0,0,0,0,0,0,0,22515.5,0,0,0,0,0,0,0,0,0,0,0,12788.25,28944.5,0,0,642645.5,0,0,0,0,0,15335.75,0,0,0,264603.5,58774.75,0,0,0,0,0,0,0,0,0,0,0,9482.25,0,0,0,0,0,15580.25,141391.25,0,0,0,0,51864.5,0,0,0,0,0,0,0,0,0,0,0,0,0,0,0,0,0,0,0,0,0,0,0,0,456458.5,0,14337.5,0,0,0,0,0,0,42163.75,0,0,239833.25,0,0,0,0,0,0,0,0,0,0,0,0,226390.5,0,0,0,0,0,0,0,0,0,0,0,117167.5,0,0,0,0,0,0,0,0,0,0,0,0
aquilegia_caerulea,0,0,0,0,0,0,0,0,0,0,0,0,0,0,0,0,0,0,0,0,0,0,0,0,0,0,0,0,0,0,0,0,0,0,0,0,0,0,3968711,0,332720,0,0,0,0,0,0,0,36462,0,0,0,0,0,0,0,0,0,0,0,0,0,0,0,0,0,0,0,0,0,0,0,0,0,0,0,0,0,0,0,0,0,1927870,0,0,0,0,0,0,0,0,0,0,0,0,0,0,0,0,0,0,0,0,0,0,0,0,0,0,667865,0,0,0,4057451,0,0,0,0,0,0,0,0,0,0,0,0,0,3058430,0,637434,0,0,0,0,0,0,0,0,0,0,0,0,0,0,0,0,0,0,0,0,0,0,0,0,0,0,0,0,0,0,0,0,0,0,1522468,0,0,0,252972,0,0,0,0,0,0,0,0,0,0,0,0,0,0,0,0,0,0,0,0,0,0,0,0,0,0,0,0,0,0,932401,103634,0,0,0,0,0,0,0,0,0,0,0,0,0,0,0,0,904549,0,0,0,0,0,0,0,0,0,0,0,0,0,0,0,0,0,0,0,0,0,0,0,191859,0,0,0,18732461,0,2096596,3283175,0,0,0,0,0,0,0,0,0,0,0,0,0,0,0,0,0,0,0,0,0,0,0,0,1156237,0,4134209,3560440,0,0,0,0,0,0,0,0,1025359,0,0,0,0,0,0,0,0,0,0,0,0,0,0,0,0,0,1626157,466091,0,0,0,0,0,0,0,0,0,501880,0,0,0,0,0,0,0,0,0,445501,0,0,0,0,0,0,1837062,0,0,0,0,0,0,0,0,0,0,0,0,0,0,0,0,0,0,0,0,0,0,0
arenaria_congesta,0,0,0,0,0,0,2459.278846153846,0,27530.91575091575,0,0,0,0,0,0,140511.11103479852,0,0,0,0,0,0,67642.0560897436,71665.30769230769,14495.153846153846,0,0,0,429585.89903846156,0,3885.2438186813188,69092.64537545787,0,50966.394230769234,0,44219.07692307692,0,21309.052884615383,5835.307692307692,0,0,89530.07692307692,56120.307692307695,443977.53846153844,186791.38461538462,48111.61538461538,0,307079.711996337,41163.94917582418,0,12450.865384615385,0,3045.721153846154,0,0,0,0,0,14608.615384615385,0,0,0,0,0,0,0,0,0,16414.153846153848,761.3942307692307,65059.07326007326,0,160829.62362637362,0,0,0,0,0,0,0,133372.3076923077,0,0,686.9711538461538,37600.96153846154,38311,53128.61538461538,0,63284.68498168498,0,415164.8461538461,0,0,212018.38461538462,0,0,0,107589,0,0,33243.61538461538,20775.923076923078,0,0,0,0,0,0,0,0,0,0,0,43980.07692307692,28942.076923076922,63236.76396520146,0,0,0,0,0,0,0,0,0,43704.51694139194,0,0,719254.6462912088,848791.8035714285,0,0,0,0,0,0,0,0,75520.80929487178,0,0,0,0,0,0,290366.92307692306,0,0,6267.7692307692305,0,0,39203.92307692308,0,0,0,0,0,0,123632.69230769231,32395.091575091574,46335.8836996337,0,0,0,0,150052.01236263735,0,0,65492.288003663,346881.6153846154,0,0,0,8039.92673992674,0,0,10351,0,120739.14720695971,0,0,20488.28205128205,0,0,47588.769230769234,0,0,0,0,72144.87980769231,0,0,0,944.8461538461538,0,0,0,0,126156.92307692308,89897.46909340659,27966.678571428572,16587.5538003663,0,0,0,0,0,0,0,1079.3076923076924,93624.76923076923,0,0,0,6405.432692307692,0,0,0,0,0,0,0,0,0,23922.53846153846,0,0,0,0,13931.059981684983,0,0,0,0,0,55088.46153846154,0,0,22167.39926739927,0,76507.62980769231,23017.570054945056,21533.322115384617,0,0,172974.61973443223,0,0,0,5954.538461538462,133334.38461538462,5553.461538461538,0,0,0,21654.66346153846,0,0,0,20837.153846153848,0,0,0,0,0,39342.932692307695,0,0,5840.307692307692,0,0,0,0,0,131927.23076923078,52616.846153846156,0,0,0,0,0,8618.307692307691,136888.61538461538,33558.61538461538,11598.692307692309,3889.3076923076924,162171.48076923078,0,36258.75457875458,131780.46153846153,0,57769.38461538462,0,0,0,38456.13461538462,0,0,0,0,0,0,0,0,0,663700.1538461539,0,12680.384615384615,0,0,0,0,0,0,67762.76442307692,0,0,79395.76923076923,0,0,0,0,0,0,0,0,0,42584.71153846154,0,10400.120192307691,44128.53846153846,69814.47229853479,0,0,0,0,0,0,33598.38461538462,0,18980.95238095238,0,18490.10989010989,0,0,0,0,0,0,0,0,0,0,0,0
boechera_stricta,0,0,0,0,0,0,11759.2,0,0,0,0,0,0,0,0,352127.61904761905,0,0,0,0,0,0,11396,127474.23809523809,0,0,0,0,138161.77142857143,0,0,0,0,0,0,0,0,0,0,78718.09523809524,0,492745.6,0,145183,219056.8,0,0,0,0,0,235549.2,0,11665.6,0,0,0,0,0,0,0,0,0,0,0,0,0,0,0,0,0,0,0,162454.8,0,0,0,0,0,0,0,0,18284.4,0,0,3756,0,65016.2,0,0,83483.6,0,0,0,0,222715.61904761902,0,0,75910.8,0,0,17511.8,0,0,0,149914.09523809524,0,0,0,0,0,0,0,0,114748.6,0,0,0,0,0,0,0,0,0,0,0,0,0,0,0,159227.8,0,0,0,0,0,0,0,0,0,0,0,0,0,0,0,0,99944,0,0,0,0,0,0,0,0,0,0,0,0,0,0,0,0,0,0,73009.61904761904,0,0,9208.8,0,0,0,0,0,0,0,0,0,0,20142.85714285714,0,7722.2,0,0,113511.4,0,0,0,0,0,0,0,31203.6,0,0,11712.95238095238,0,0,0,128024.38095238095,16817.6,0,14408.57142857143,0,0,0,0,0,0,0,39531.428571428565,0,0,0,62756.4,0,0,0,0,35701.2,0,0,0,0,0,0,0,0,0,0,0,0,0,0,0,0,41263.4,0,0,0,0,10086.342857142858,73203.80952380951,0,0,943843.0476190476,0,118182.66666666666,0,0,0,0,0,86618,0,0,0,0,0,0,0,42529.8,127484,0,0,0,0,0,80687.8,0,0,0,0,0,0,31501.8,0,0,0,0,0,32932.2,0,0,0,0,0,0,0,0,0,0,0,0,84015.6,0,55143,0,0,0,0,0,0,0,0,315705.2,0,0,0,0,0,131956.6,0,125380.6,0,0,0,0,0,0,0,0,0,0,0,0,0,0,0,0,0,0,0,0,0,0,0,0,0,0,0,0,0,0,0,0,0,0,0,0,0,0,0,0,0
campanula_rotundifolia,0,0,0,0,0,0,0,0,0,0,83456.26728110599,0,0,12105.608294930877,0,134613.97628951765,0,0,0,0,0,0,49234.3016954865,75068.35714285714,0,0,0,0,472910.2142857143,0,0,8314.509216589862,0,0,0,0,14607.442396313365,17849.14285714286,0,0,0,0,5393.5,623454.1428571428,167408.35714285713,67224.5,0,0,44936.58064516129,0,3849.795918367347,0,44494.00468384075,57178.92857142857,0,181073.8116016568,0,0,6918.142857142857,0,0,0,0,0,0,0,0,0,4368.785714285715,0,56365.07142857143,21526.64285714286,239700.84331797235,0,0,0,0,0,0,10722.165898617513,0,50518.53110599079,0,2023.755760368664,78562.7256624424,54241.07142857143,0,0,14153.156682027651,197351.0850340136,629759.6428571428,0,0,144117.92857142858,0,26015.285714285714,22215.96806064441,213611.5,0,62213.0818916673,0,26495.214285714286,0,12674.142857142857,113155.21428571429,0,0,0,0,0,0,0,0,0,0,0,0,0,0,0,0,0,0,0,0,57916.05395151847,6034.285714285715,37803.857142857145,25737.082510423526,281450.51156795345,0,0,0,0,0,0,0,0,0,0,0,0,0,2987.214285714286,0,366938,114449.35714285714,21862.64285714286,0,0,0,36465.07142857143,0,0,0,0,0,72774.19815668203,0,0,0,6401.928571428572,0,0,0,32155.571428571428,0,0,43219.948326660124,566910.2142857143,141754.04539404338,0,0,0,0,0,9300.714285714286,0,118028.65762635038,0,0,19554.706051220066,0,0,48293.16393442623,0,0,0,0,0,0,0,3781.785714285714,33962.11751152074,0,0,0,0,59304.5,0,30293.714285714286,16298.142857142857,0,0,0,0,0,0,0,0,91056.35714285714,412294.0714285714,27516.35714285714,0,47846.44854070661,0,0,0,0,0,0,0,0,0,0,0,0,0,0,21332.401223842262,34802.57142857143,0,0,0,6511.285714285715,14756.57142857143,0,0,0,77921.07142857143,45520.07142857143,47985.71428571428,0,0,2628.9285714285716,192082.4181674653,0,15401.100702576112,0,0,0,37176.8149882904,0,0,0,0,2831.7006802721085,27423.85623630732,0,243852.7857142857,0,78697.85714285714,0,0,15912.089093701998,16108.99385560676,0,0,14603.07142857143,0,0,0,0,10061.142857142857,23295.571428571428,0,0,36309.857142857145,9408.57142857143,52782.57142857143,37426.857142857145,0,0,51659.42857142857,104982.85267857143,18082.65306122449,561227.0398126463,0,63625.737327188945,162139.2857142857,0,0,270168.4285714286,0,0,0,0,0,0,46062.20952632772,0,0,21890.571428571428,0,0,475549.85714285716,0,0,0,0,0,0,52118.57142857143,76881.71428571429,11110.379464285714,0,0,56657.5,0,0,0,0,0,0,0,54490.44759717081,0,0,0,0,0,60247.2431206089,0,0,0,0,0,0,0,0,0,0,0,9876.69642857143,0,0,0,0,0,0,0,0,0,0,0
castilleja_sulphurea,0,0,0,0,0,294519.85714285716,400543.71744065156,0,0,0,0,13527.714285714286,0,99360.57142857143,22326.77419354839,206998.23063418915,0,0,0,0,0,0,63740.67119581836,801586.024868964,23505.386416861827,0,0,0,511882.5978911924,332590.88524590165,30146.14285714286,60072.82665832066,30979.571428571428,0,0,0,0,0,0,0,0,409117.14285714284,0,0,0,115336.18515200898,0,35450.49697277113,13968.57142857143,0,65515.42857142857,169877.14285714287,57668.99297423888,0,0,0,0,0,0,0,0,0,0,0,0,0,0,0,0,26575.238095238095,0,0,30520.571428571428,47987.83410138249,0,0,0,0,0,0,0,0,0,21913.333333333332,128402.89620004533,0,0,0,69360.21303920829,0,91262.34013605442,0,0,72583.54838709677,0,0,0,67371.71428571429,0,0,0,11805.42857142857,0,0,0,0,0,0,17450.863945578232,0,0,0,0,77163.27891156463,0,0,0,0,15990.285714285714,0,0,114351.85714285714,31996.588825694213,0,0,6097.603686635945,0,14119.953161592506,969599.9950607425,394424.9875817064,0,0,0,0,0,0,550209.3007694881,0,0,0,0,0,0,0,0,534569.8571428572,0,0,0,233126.57142857142,0,0,0,0,0,0,0,0,0,0,0,93744.12244897959,0,0,33211.15646258504,7179.428571428572,0,0,44253.221521924475,0,0,0,0,4145.142857142857,0,0,0,0,124185.14285714286,0,0,32709.714285714286,0,0,472027.6394557823,0,0,0,0,0,0,0,74863.91705069125,0,0,0,0,0,71625.57142857143,0,787496.0447231246,2125.8571428571427,0,86748.85714285714,0,843781.1240822083,0,0,0,0,0,12212.714285714286,0,6677.985948477753,0,0,0,0,0,0,161349.42857142858,0,202246.2857142857,0,0,0,0,18119.43793911007,0,9069.42857142857,0,0,0,0,0,0,0,0,63942,0,2766462.700680272,181123.45501606248,9650.857142857143,0,0,518604.4285714286,0,0,0,0,0,0,0,0,0,137331,100931.42857142857,0,0,0,0,0,440649.09495030163,0,0,0,0,48889,44720.49659863945,0,0,0,0,20790.571428571428,0,21610,0,0,0,0,0,0,0,178244.60856473737,19546.285714285714,0,50630.04608294932,8453.536299765809,0,167446.57142857142,0,0,0,0,0,0,69861.42857142857,0,16211.142857142857,0,0,0,66746.14285714286,0,0,266611,0,0,0,0,0,0,0,0,0,180046.93230734917,0,142091.7142857143,0,0,1298.503401360544,692498.2479701558,0,0,0,0,58101.92037470726,0,0,0,0,0,0,0,4671.705069124425,0,0,0,0,0,0,0,0,0,0,0,0,0,0,0,0,0,0,0,0
claytonia_lanceolata,0,0,0,0,0,0,14911.833333333334,0,0,0,0,0,0,0,0,204953.6505376344,0,0,0,0,0,0,0,33891.666666666664,0,0,0,0,135591.61290322582,0,0,4523.833333333333,0,0,0,16304.666666666666,0,0,0,0,0,0,0,116481.83333333333,190668.5,7179.166666666667,0,0,0,0,0,0,56993.166666666664,0,0,0,0,0,0,0,0,0,0,0,0,0,0,0,0,0,0,0,31607.166666666668,0,0,0,0,0,0,0,60310,0,0,0,15293.833333333334,28693.225806451617,0,0,0,0,0,0,0,0,0,0,0,98525.33333333333,0,29269.833333333332,12163.666666666666,0,0,0,43565.80645161291,0,0,0,0,0,0,0,0,0,0,0,0,0,0,0,0,0,0,0,0,0,0,0,0,94139.91935483871,0,0,0,0,0,0,0,0,94491.12903225808,0,0,0,0,0,0,88107.16666666667,0,0,8938.666666666666,0,0,0,0,0,0,0,0,43338.3870967742,0,0,0,0,0,0,0,7430.833333333333,17423.387096774193,0,52442.09677419355,0,0,0,0,102796.63440860216,0,0,0,0,0,0,0,42336.69892473119,0,0,18350.064516129034,0,0,0,0,131820.21505376344,0,0,0,0,0,0,0,0,0,218871.45161290324,16374.333333333334,16717.666666666668,0,0,0,0,0,0,0,0,0,66880.16666666667,119460.66666666667,0,0,0,0,0,0,0,0,0,0,0,0,0,0,0,0,68048.16666666667,0,0,0,0,0,0,0,0,0,0,0,2896.935483870968,28992.741935483875,0,0,479312.1666666667,0,0,0,0,0,0,0,0,0,0,0,0,0,0,0,0,14915.322580645165,0,0,0,0,0,31940,0,0,0,0,0,0,13578.833333333334,0,0,0,48906.451612903234,0,0,0,0,0,0,71437.25806451614,0,0,0,0,0,0,0,0,0,0,0,0,0,0,0,0,0,20248.333333333332,0,0,0,0,0,0,0,0,0,95482.33333333333,0,0,0,0,0,0,0,0,0,0,59808,0,101222.74193548388,0,0,55380.333333333336,10441,0,0,0,0,0,0,0,0,0,0,16117,0,0,0,0,0,0,0,0,0,0,0,0
delphinium_nuttallianum,0,0,0,0,0,0,32251,0,0,0,0,0,0,0,0,224821.33333333334,0,0,0,0,0,0,52552.666666666664,0,26199.666666666668,0,0,0,0,0,0,7465.5,0,0,0,0,0,153724.33333333334,128475.48484848485,0,0,330199.8333333333,0,484182.6666666667,180255.33333333334,8406.666666666666,0,6608.833333333333,22659.469696969696,0,0,0,87899.66666666666,0,4850.666666666667,0,0,0,11404.666666666666,0,0,0,0,0,0,0,0,0,0,0,0,0,36036.833333333336,8008.333333333333,0,0,0,0,0,0,0,0,0,0,0,54907.42424242423,0,0,0,0,333121.6666666667,0,0,0,0,0,0,0,0,64462.5,29362,0,0,0,0,0,0,0,0,0,0,0,185766.66666666666,0,0,0,0,0,0,0,0,0,0,0,0,0,0,84057.83333333333,132707.27272727274,394814.7121212121,0,0,0,0,0,0,0,0,0,0,0,0,0,53575.833333333336,0,0,11019,0,14632.5,0,0,0,0,0,0,0,0,0,0,0,0,0,23463.166666666668,0,0,0,18593.787878787876,0,2566,0,0,0,0,0,0,0,0,0,42610.666666666664,15058.5,0,24879.5,0,0,182520.5,0,0,0,0,0,0,0,0,64088.78787878788,0,0,0,0,0,0,9498.166666666666,26546.5,0,0,0,0,0,0,0,0,0,0,0,0,0,0,0,0,0,0,0,0,0,0,0,0,0,0,0,0,0,0,0,0,0,0,0,0,0,0,0,6126.666666666667,0,0,0,453925.1666666667,113878.66666666667,210858.63636363635,176608.13636363635,17916.060606060604,0,0,0,46725.333333333336,0,206532.16666666666,8841.969696969696,0,0,0,0,0,48338.166666666664,0,0,0,0,0,44241.333333333336,0,37847.333333333336,0,54449.62121212121,0,28342.666666666668,188995.5909090909,0,0,0,0,0,0,0,53118.666666666664,87036.5909090909,0,77661.66666666666,0,0,0,0,0,0,0,42355,0,18105.666666666668,0,0,0,0,0,0,0,20342.333333333332,503272.6666666667,0,0,0,0,0,48816.5,0,0,17333.0303030303,0,0,0,0,0,0,0,0,0,0,0,0,0,0,0,220741.5,8692.833333333334,0,0,0,0,0,0,214884.16666666666,0,0,0,45436.666666666664,0,0,0,0,0,0,0,0,0,0,0,0
draba_aurea,0,0,0,0,0,0,0,0,116315.2,0,0,0,0,0,0,171753.39531615924,0,0,0,0,0,0,16983.4,62311.278688524595,0,0,0,0,738569.2704137393,0,0,0,0,0,0,0,0,0,8200.6,0,0,0,0,83114.6,0,0,0,0,11159.047619047618,0,24420.7619047619,0,11839.2,0,0,0,0,0,0,0,0,0,0,0,0,0,0,0,0,0,0,0,137025.2,0,0,0,0,0,0,0,0,0,0,0,11654.8,0,0,0,72271.27868852459,0,0,0,0,0,0,0,0,0,0,0,0,0,0,34309.4,89006.55737704919,0,0,0,0,0,0,0,387349,32419.081967213115,0,0,0,0,0,46914.4,0,0,0,0,0,0,0,0,0,265961.1480093677,0,0,0,0,0,0,0,0,0,0,0,0,0,0,0,0,20955,0,0,0,0,0,0,0,0,0,0,0,0,0,55488.571428571435,0,0,0,0,0,0,0,0,0,0,0,0,0,0,0,0,0,61631.606557377054,9547.619047619048,0,17333.13333333333,0,0,107349,0,0,0,0,0,0,0,0,0,0,0,0,0,0,0,0,5509.142857142857,0,0,0,0,0,0,0,0,0,0,0,0,43116.683840749414,0,0,0,0,0,0,0,0,0,0,0,0,41324.4,0,0,0,0,0,0,0,31380.6,0,0,0,0,0,72875.77595628415,34331.619047619046,0,0,428350.6,0,14441.933333333332,0,0,0,0,0,0,0,0,0,0,0,0,0,0,0,0,0,0,0,0,0,0,0,0,0,8066,0,141129.6,0,0,0,64628.76190476191,0,0,0,0,105607,0,0,0,0,0,0,0,0,0,0,0,0,0,0,0,0,0,0,0,0,0,0,0,0,0,0,0,0,0,0,0,0,0,0,0,0,0,0,0,0,0,0,0,0,0,0,0,0,0,0,0,0,0,0,0,0,0,88279.2,0,0,0,0,0,0,0,0,0,0,0,0
erigeron_flagellaris,0,0,0,0,0,0,0,0,0,0,188732.5,0,0,11850.25,0,127018.75,0,0,0,0,0,0,148483,70866.75,35431,0,0,0,249903.25,0,0,0,0,0,0,0,0,0,0,0,0,84233.5,0,685353.75,230152.25,0,155002.75,24939,12996.25,0,0,0,0,0,0,0,0,0,24629.25,0,0,0,0,0,20665.5,0,0,0,0,12820,32563,0,27960.75,59457,0,0,95144,0,0,0,0,0,0,0,0,0,0,0,0,648380.75,98893.25,0,0,162856.75,0,0,0,492053,0,0,0,0,0,0,0,0,0,0,0,0,0,0,0,0,0,0,0,0,0,0,0,0,0,0,0,0,0,68163.5,0,1198381.25,0,0,0,0,0,0,0,0,0,0,0,0,0,9671.5,0,867414.25,0,0,0,0,0,0,0,0,0,0,0,0,0,0,0,0,0,0,0,31575,0,0,33720.75,0,17456.25,0,0,0,0,0,0,0,0,0,0,28857.5,0,0,0,0,0,0,0,0,0,0,0,42405.5,0,10076.75,0,0,18016.25,0,40753.75,255217.25,0,65995.5,0,0,0,0,135916.75,0,0,0,120981.75,0,7921.5,0,0,0,0,0,39279.25,0,0,0,0,0,0,0,0,0,0,0,0,0,0,0,0,0,0,0,0,26069.25,50019.75,0,0,107675,0,0,0,0,0,0,0,0,0,0,0,0,0,0,0,0,0,0,0,75108.25,0,0,7327.25,0,0,0,64680.25,0,0,0,0,0,0,194173.5,0,21995,0,0,0,0,0,0,0,0,12777.5,0,1594215.5,0,0,18840.5,0,0,0,0,0,0,0,0,0,495892.25,0,0,0,0,0,13186,0,0,152246.25,0,0,202587.75,0,0,0,0,0,0,0,0,0,0,0,0,0,0,0,0,0,0,0,0,0,0,0,73749,0,0,0,0,0,0,0,0,0,0,0,0,0
erigeron_speciosus,0,0,0,131056.4,0,3620580.4,1946121.6,1713994.2,0,0,539406.6,29309.2,0,96856.2,0,516217.8,62752.8,0,0,224692.8,0,0,142256.8,1086977.6,40847,505809.4,21640.4,0,537802.2,0,0,7063.4,0,0,165874,0,0,0,0,0,0,189862.8,23996.2,213794,299506.8,27136,0,0,13864,0,0,0,0,0,0,149507,0,0,0,78727,158232,199049.4,0,0,0,0,285759,787511.4,0,95953.8,0,0,0,167032.6,115171.8,115246,600381.8,34617.8,0,0,0,0,0,0,274559.8,0,0,0,0,0,161194,0,0,0,0,78717.8,0,135132.2,0,116587.8,0,0,0,0,0,0,0,8856.6,27701.8,0,0,305733.6,0,0,0,0,0,0,36624.4,0,0,171804.4,0,0,0,0,0,0,0,127141,0,0,0,0,0,0,0,0,0,0,0,0,374984,0,170441.8,309118,0,0,11820.8,120941,0,0,0,0,146639.2,0,0,0,0,295476,0,0,0,0,0,23294.4,0,0,38060.4,0,46965.4,0,0,195444.8,0,0,0,0,387080.4,0,0,21735.8,45525.8,0,1308641.4,0,0,21901.2,0,2774574.2,219025.2,102189.2,133915.6,0,0,0,0,0,0,0,21867.2,74601.8,0,0,136406.4,0,0,0,0,0,0,0,0,229777.8,227498.6,0,197017.6,207335.6,0,0,7876.8,0,246552.2,67931.2,3794.8,0,0,0,0,18766.4,50846.4,0,0,849069.2,0,0,0,0,0,0,771061.6,70502,0,245274.6,550699.6,18039749.2,0,39050.4,0,0,14084.8,0,0,0,0,0,0,0,0,0,0,0,0,0,0,0,215626.2,0,379259.2,0,0,0,26151.2,0,0,98664.8,0,0,0,0,0,4905.2,0,179634.8,0,0,0,0,0,65993.4,545396.6,0,0,71102.8,0,0,0,0,0,0,0,178126.4,129678.2,0,145068.6,0,0,0,0,0,0,140377.4,0,42623.6,0,0,0,169754.6,0,0,0,0,406593.4,0,0,0,0,0,0,0,0,0,0,0,0,0,0,316204.8,86841,0,353302,679113.8,0,0,0,21167.8,0,0,0,0,0,139307.2,0,0,0
eriogonum_subalpinum,0,0,0,185689.81818181818,0,0,634053.8978115463,9006.686217008799,0,0,0,0,0,0,0,253739.5963472452,0,0,0,17352.18181818182,0,0,233265.92817137914,37504.818181818184,0,0,0,0,540728.5064935065,0,19001,81829.62461454462,107112.20074426939,0,0,107965.20779220779,0,17507.454545454544,8349.636363636364,19110.909090909092,0,2189135.4545454546,11006.818181818182,104333.63636363637,362976.54545454547,51944.666666666664,0,0,139407.73523250944,15327.272727272728,2950.372578241431,0,0,391702.36363636365,0,0,0,0,24361.727272727272,0,0,0,0,0,0,0,0,0,3458.4545454545455,0,42285.4375,21003.454545454544,245396.24171914812,4608.75,0,0,0,0,0,0,0,0,0,0,51172.81524926687,102589.45454545454,0,0,29715.584415584417,75405.18181818182,363811.8181818182,0,0,208669.0909090909,0,14280,30661.66001634537,269037.63636363635,307297.7272727273,39767.68328445748,0,0,0,15620.454545454546,0,0,0,11635.90909090909,5218.818181818182,0,13599,12789.636363636364,0,29431.29657228018,27304.909090909092,0,0,0,0,0,0,87912,19273.18181818182,0,0,51722.48641892217,4065.108225108225,61705.72727272727,639591.5408585554,1817539.9407792322,0,21399.272727272728,0,0,0,0,106618.27272727272,0,0,0,0,0,0,0,0,1330985.8181818181,64148.72727272727,0,0,0,44468.545454545456,0,0,0,15360,0,0,20457.454545454544,0,37821.997019374074,0,0,165021.32467532466,0,0,50545.378517316014,37434.09090909091,82413.54545454546,23604.29089947599,371010.2727272727,65239.97835497835,48165.72727272727,0,0,0,0,46245.27272727273,0,87778.34431036969,0,0,13760.486322772944,0,0,40040.345752608046,0,0,0,0,0,0,0,0,12402.90909090909,0,50085,0,69093.15129080333,17555.363636363636,0,124711.98295454546,375972.0968614719,0,551721.9090909091,0,0,0,0,43951.02639296188,0,105378.63636363637,534335.2727272727,0,15777.670454545454,269965.7272727273,44938.09090909091,0,0,50660.818181818184,89082.58651026394,391199.9090909091,0,0,0,0,0,0,0,0,38206.750156242495,0,0,0,0,0,43280.545454545456,0,0,0,0,0,56662.13384429778,56480.72727272727,0,0,492912.1744513199,0,32243.460891303308,0,0,37056.36363636364,93570.32397709817,0,0,0,77486.81818181818,26909.272727272728,54858.114513725304,0,32285.272727272728,0,0,0,0,0,0,0,39831.818181818184,67899.90909090909,0,0,0,0,62040.1788856305,74359.45454545454,6948.636363636364,0,54533.63636363636,0,142345.45454545456,0,0,13757.636363636364,50054.57142857143,0,8174.978354978355,106395.94428152493,0,55581.07467532467,300584,0,69035,642198.9090909091,0,82308.21311475411,974106.0909090909,14775.827123695977,0,0,46104.54151242729,0,0,0,0,18509.508196721315,625801.1193181818,100943.54545454546,0,0,0,0,0,0,0,0,0,0,43208.454545454544,0,491750.7735651445,116300.56277056277,16054.454545454546,104485.90909090909,0,0,72009.72212874382,0,0,0,0,129718.86587183308,39671.36363636364,0,0,0,82129,0,0,0,0,0,0,14058.413057064565,17161.18181818182,0,0,0,0,0,0,0,0,0,0,0
eriogonum_umbellatum,520865.31402009726,156525.800531234,0,0,0,348001.3467261905,524957.9243951613,27031.592741935485,0,68087.3039874552,0,0,0,209787.52232142855,0,320292.70015681005,0,0,0,0,0,0,228956.91397849462,253534.11178315413,0,0,0,0,423879.76270481315,4652809.75062404,828001.5485791091,301714.3548387097,441498.62607206864,0,0,0,0,0,0,0,0,0,0,92668.16666666667,43285.46875,0,0,0,148951.23439900155,30552.166666666668,0,0,68654.43055555555,0,0,0,0,0,0,0,0,0,0,0,0,0,0,19960.79365079365,0,0,66107.0238095238,0,1076062.8679435484,0,68323.28125,0,0,0,0,0,0,0,0,0,173468.53891449052,0,0,0,485551.044546851,0,0,0,285920.81101190473,0,0,0,0,0,0,0,0,0,0,0,0,0,0,16383.90625,0,0,0,0,0,300051.0803891449,0,0,0,0,0,0,0,0,0,0,0,93428.38709677418,0,0,273531.7741935484,2845657.692092294,0,174904.05174731184,0,0,79473.70967741936,0,105044.375,0,0,0,0,0,0,0,0,144360.33333333334,0,0,0,0,0,0,0,0,0,0,0,0,0,0,195898.1423611111,36526.875,0,0,0,101515.0745967742,96186.01494495648,0,24320.677083333332,0,23975.589237711214,0,0,0,0,0,0,0,161013.7941628264,0,0,35735.91525857655,29215.572916666664,0,178653.90040962622,0,9779.84126984127,0,0,160603.56006784434,0,0,0,0,0,0,0,0,0,188222.25806451615,5562662.589285715,10255400.931899643,59906.40625,65303.21378968254,0,1505228.8632872505,0,0,0,162302.03020993344,0,0,0,17141.5625,81524.49652777778,0,0,6062.539682539682,0,4836.935483870969,26785,0,0,0,0,0,0,0,0,37710.18177163338,0,0,0,45889.84126984127,0,0,0,0,135984.12698412698,0,0,86821.75304019458,83337.3886328725,0,0,3550954.7983710957,0,0,0,0,27079.193548387102,0,0,0,0,0,0,0,0,0,0,0,446791.06646825396,0,0,0,0,651525.818452381,22509.0625,0,0,0,0,0,0,0,0,0,0,151981.45161290324,0,0,0,0,0,0,0,0,477944.6666186636,54443.833333333336,0,0,0,0,0,113861.3287250384,0,0,0,0,0,0,0,0,0,0,0,106881.61290322582,0,0,0,0,0,0,0,1074811.9039618536,0,0,0,0,825110.1920122888,38523.87096774194,0,0,0,0,0,19394.58669354839,0,0,0,0,0,0,0,0,0,0,0,0,0,18963.75,36793.30952380952,0,0,0,0,0,0,0,0,0,0,0,0
erythronium_grandiflorum,0,0,0,0,0,929719.2688172043,3082773.4814132103,0,0,1162657.6347158218,0,0,0,0,0,519129.3287250384,167950.7238095238,0,0,115280.8,0,0,28233.4,0,0,0,0,0,73540,0,0,0,0,96488.6,0,12979,0,0,21008.083870967745,0,0,465463.6,0,637110,340797.8380952381,0,0,0,20686.793548387097,0,0,0,26951.6,0,0,0,0,0,0,0,41233.52380952381,0,0,0,0,0,0,0,0,0,0,0,202912.6,0,0,0,0,74932.8,0,0,0,0,0,0,0,0,0,0,0,0,692301.4,0,0,0,0,0,0,145299.82857142857,0,0,0,60242.09523809523,0,0,46526.28571428571,291995.81290322583,0,26624.4,53804.06267281106,0,117278.77142857143,0,0,106860,0,0,1447245.6,0,26661,0,0,0,0,0,0,2243287.6531490018,0,0,0,0,0,0,0,26739.238095238095,0,0,0,0,0,0,1112517.6036866358,0,0,0,0,0,0,0,0,0,0,0,0,0,0,0,0,0,0,0,0,0,0,0,0,20716.6,0,0,24307.127496159752,0,0,0,0,4104648.619047619,0,127866.85714285713,0,0,152967.4,0,0,26567.2,255570.63778801844,0,1081359.5867895545,0,23667.809523809523,0,0,109740.4,76798.4,0,43092.4,62302.6,0,0,0,0,0,31326.000000000007,0,10943.047619047618,0,0,10808.761904761905,0,0,0,0,0,0,0,0,34515.93548387097,0,0,0,7919.4,0,0,0,0,0,0,0,0,0,0,0,0,0,0,0,298340,0,40275.2,0,0,0,0,0,14058.946236559139,0,6703.047619047618,239123.13333333333,13501853.633179724,0,0,0,0,212545.32258064515,0,0,0,0,0,0,0,0,0,59633.31428571428,45608.6,1425112.729953917,0,0,0,0,0,241273.4095238095,0,0,0,0,0,0,0,0,0,0,74677.71428571429,3733.354838709678,0,0,0,5011.6,0,0,299988.041781874,42587.2,0,0,0,0,136591.2380952381,0,0,0,0,0,0,0,0,0,0,0,639848.4,0,0,0,96415.20952380952,8114.516129032259,0,0,0,144342.8,0,0,0,0,0,0,0,0,0,0,0,0,0,0,0,0,0,0,0,58043.80952380953,0,0,190968.4,104603.4,0,182171.4,235208.4,0,0,0,0,0,0,0,0,0,0,0,0,0
fragaria_virginiana,19052.25,0,0,0,0,0,166128.1,0,0,0,0,0,0,0,0,333511.3375,0,0,0,0,0,0,42683.8,0,0,0,0,67454,325722.0625,0,0,6786.6,0,0,0,0,0,0,54978.2,0,0,0,0,532382.2,154532.6,80873.3,0,0,0,0,347600,0,0,0,0,0,0,0,0,0,0,0,0,0,36325.4,0,0,0,0,0,0,0,131756.2,0,0,0,0,0,0,0,0,0,0,0,0,0,63817.6,0,98325.375,0,0,0,0,0,0,0,0,127892,0,0,0,0,0,0,101899.125,0,0,18038.4375,0,0,0,0,0,0,0,0,0,0,0,0,0,0,0,0,0,0,0,0,0,1210270.325,0,0,0,0,0,0,0,0,0,0,0,0,0,0,0,534606.8,48878,0,0,0,0,0,0,0,0,0,0,0,0,0,0,0,0,0,0,51614.9375,0,0,143695.95,0,0,0,0,0,0,0,0,0,0,0,0,28562.6,0,0,111033.6,0,0,0,0,0,0,0,0,0,0,0,0,0,0,0,83746.3125,52992.375,0,0,0,0,0,106691.4,0,0,0,0,0,0,205840.8,0,0,0,0,0,16426.8,0,0,0,0,0,0,0,0,0,0,0,0,0,0,41727.4,0,0,30472.125,0,0,44531.3875,33369.8,0,0,378022.4,0,0,28463.4,0,0,0,0,109764,0,0,0,0,0,0,0,38303,0,0,0,0,0,0,50931.4,0,0,0,0,0,0,38613.6,0,0,0,0,0,0,0,45752.25,0,14727.4,0,0,318558.8,0,0,0,0,0,0,0,0,0,0,0,0,0,0,0,0,208031.8,0,0,0,0,0,0,112747.2,0,170931.6,0,0,278109.8,0,0,0,0,0,0,0,0,0,0,0,89174.8,0,0,0,0,0,0,0,0,0,0,0,0,0,0,0,0,0,0,0,0,0,0,0,0,0
frasera_speciosa,0,0,0,0,0,3102745.2458296753,418787.877524144,0,0,0,0,0,0,0,0,2300845.7857769975,3615886.060140474,0,0,417590.73529411765,0,0,0,0,0,0,0,0,589698.832309043,0,0,0,160849.29982440738,0,0,0,0,0,0,0,0,0,0,0,0,0,0,0,55861.79104477612,0,187487.20588235295,0,0,0,0,0,0,0,0,0,0,46911.49253731343,0,0,0,0,0,0,0,0,54100.298507462685,0,0,0,0,0,0,0,0,0,0,0,0,0,0,0,0,0,565023.5294117647,0,200047.16417910447,0,0,240333.58208955222,0,0,0,0,0,0,0,0,0,0,0,0,0,152263.80816505707,0,0,0,0,0,0,0,0,0,0,0,0,0,0,0,0,0,11648285.939420544,0,0,851503.4328358208,3143197.611940298,0,0,0,0,0,0,0,0,0,0,0,0,0,0,458655.8823529412,0,0,0,0,0,0,0,0,0,0,0,0,0,0,0,0,202872.98507462686,1229003.4482001755,0,8351.470588235294,235243.23529411765,461826.52546093066,0,159619.7014925373,0,0,0,0,13226942.923617208,0,0,0,0,687253.6764705883,0,0,0,1946491.0601404742,0,75008.05970149253,31880.597014925374,0,0,0,0,0,0,0,0,0,0,0,0,0,354327.7611940298,277071.61764705885,0,0,0,0,0,0,0,0,0,0,0,0,0,0,0,0,0,0,0,0,0,0,0,0,0,241965.88235294117,0,613480.8779631256,0,0,0,0,0,0,0,0,0,0,0,0,129093.0684811238,107184.26470588235,0,0,8625864.857330993,0,0,0,0,0,0,0,0,0,0,0,0,0,0,0,0,535597.6119402985,0,0,0,0,0,0,0,0,0,0,0,0,0,0,0,0,0,0,0,0,0,0,0,0,0,219967.6119402985,0,0,0,0,0,0,0,0,0,0,0,0,0,0,0,0,0,0,0,0,116199.70588235295,0,0,0,0,0,0,0,0,518557.5,0,0,0,0,0,0,0,0,0,0,0,0,0,0,0,0,0,0,0,0,0,0,0,0,0,0,0,0,0,0,0,0,0,0,0,0
galium_boreale,0,0,0,0,0,339070.0327868853,1818251.0832282472,0,0,52602.28625472888,0,0,0,0,0,924425.7931904162,0,0,0,77022.92307692308,0,108525.69230769231,43974.337957124844,106976.30769230769,0,42912.61538461538,21483.78310214376,0,486960.7679697352,0,0,22488.045397225724,19096.923076923078,0,0,326362.3076923077,127918.61538461539,10725.538461538461,0,8943.307692307691,0,1910225.002522068,0,306601.0126103405,195246.3076923077,8156.461538461538,29971.46153846154,0,0,0,62969.07692307692,2727.6923076923076,15508.846153846154,31359.41992433796,0,0,0,0,7151.538461538462,0,59101.846153846156,25405,647154.7036569988,26736.076923076922,0,0,0,38311.07692307692,82791.30769230769,16745.384615384617,80778.46153846153,15471,183059.23076923078,2957.3266078184115,0,0,0,0,0,93238.80706179068,0,0,0,0,12854.09709962169,51022.92307692308,93099.53846153847,0,35384.337957124844,29456.53846153846,0,345858.3240857503,0,219714.38461538462,19813.92181588903,180082.15384615384,43656.6973518285,63403.6998738966,201500.61538461538,0,0,0,0,26086.153846153848,34029.92307692308,0,0,21910.46153846154,28486.76923076923,0,0,0,0,252787.82471626735,0,3118397.1134930644,0,0,0,0,0,0,0,51320.32660781841,0,144273.93568726355,79846.68348045397,0,65026.38083228248,2796599.279949559,0,0,0,29051.23076923077,0,0,0,0,0,0,0,0,0,0,0,209521.07692307694,76116.61538461539,0,24009,0,0,12231.153846153846,0,0,11531.692307692309,0,0,177347.1134930643,0,0,96538.07692307692,0,0,0,0,4040.846153846154,0,0,20629.615384615383,212836.07692307694,0,0,0,0,0,0,3438.4615384615386,7225.800756620429,38290.21437578815,0,0,16363.23076923077,40670.53846153846,0,837205.7818411097,226774.8915510719,11068.538461538461,0,0,252599.46153846153,0,13827.538461538461,0,169726.07692307694,0,0,0,0,17304.53846153846,0,15913.153846153846,51723.228247162675,0,0,0,0,0,39747.230769230766,62283,0,37533.38461538462,524944,100725.92307692308,5765.674653215638,41980.769230769234,0,0,45070.59268600253,0,0,5052.538461538462,0,0,0,61714.53846153846,0,0,195166.53846153847,0,63170.83984867592,0,0,0,0,0,14341.153846153846,0,152250.53846153847,0,0,279885.8461538461,66258.9394703657,0,28694.076923076922,0,1889262.4640605296,0,17514.923076923078,0,0,68268.07692307692,131100.0756620429,135568.23076923078,49341.92307692308,0,109673.30769230769,50056.692307692305,0,0,15272.461538461539,1092.6923076923076,20905.30769230769,44361.07692307692,62272.20680958386,107008.26229508196,0,0,0,92574.23076923077,0,0,0,0,0,35888.769230769234,62926.38461538462,0,47988.958385876416,109841,68966.99873896595,0,9185.846153846154,0,0,0,60736.26733921816,440881.3076923077,0,1403298.6305170238,164964.84615384616,0,0,0,89109.34174022698,196581.61538461538,0,147618.84615384616,0,0,30519.87389659521,0,0,0,0,93661.61538461539,1116764.4615384615,0,0,0,0,0,0,0,0,184763.61790668347,0,24613.153846153848,67836.76923076923,0,0,8627.360655737704,6389.7692307692305,0,0,0,11697.538461538461,0,40044.13619167718,0,0,197802.21689785624,15885.699873896596,139040.0504413619,0,0,114109,0,0,0,485469.07692307694,3488.3984867591425,15002.076923076924,41327.795712484236,0,0,0,0,0,0,0,0,0,0,0,0
gentiana_parryi,0,0,0,0,0,0,0,0,0,0,0,0,0,0,0,83153.6,0,0,0,0,0,0,0,47235.6,51261.4,0,0,0,658116.8,0,0,87211.2,0,0,0,0,0,0,13982.8,0,0,0,31610,256720.2,300924.8,306552,0,0,10435.4,0,0,0,0,0,0,0,0,0,0,0,0,0,0,0,0,0,0,0,0,0,21090.8,0,221406,0,0,0,0,0,0,0,0,0,0,0,34794.8,384336.8,0,0,0,260700.4,0,0,0,0,0,0,0,99766,0,0,0,0,0,26984.8,0,0,0,0,0,0,0,0,0,0,68175.4,0,0,0,0,63042.2,0,0,53243.2,0,0,0,0,0,0,0,0,0,0,0,0,0,0,0,0,0,0,0,0,0,0,158322.4,87874,141578.8,7635.2,0,0,0,0,0,0,0,0,246109.4,0,0,0,0,0,0,0,3311.4,0,0,24365.6,0,0,0,0,0,0,0,0,0,0,0,0,0,0,0,126400.2,0,0,0,0,0,0,0,0,8396.2,0,0,0,3795.4,0,0,11596.4,0,0,0,0,0,0,0,0,0,73556.2,0,0,0,94508.6,0,0,0,0,0,0,0,0,0,0,0,0,0,0,54811.6,59397.8,0,0,0,0,101602.4,0,968.6,34607,0,0,0,28613.6,0,4791.2,146223.4,0,0,5759.4,0,0,0,0,0,0,0,0,0,0,65236.4,0,0,20840.6,0,0,0,274693.8,0,42835.8,0,0,0,0,0,0,38429,0,0,0,0,0,0,0,0,0,30123.8,0,0,149219,0,0,0,0,0,23464.6,0,18358.4,0,0,0,0,0,431602,0,21416,335175.8,0,0,0,0,0,0,0,0,164960.8,0,0,318805.2,0,9608.6,11334,21584.6,205079.2,0,0,0,0,0,0,0,0,0,0,0,0,0,0,0,0,0,0,0,0,0,0,0,0,0,0,0,0,0,0,0,0
geum_aleppicum,0,0,0,0,0,0,11061.666666666666,0,0,0,0,0,0,0,0,185868.33333333334,0,0,0,0,0,0,57979,0,0,0,0,0,810551.3333333334,0,0,0,0,0,0,0,0,0,0,0,0,0,0,395168.3333333333,170280.66666666666,470770.6666666667,0,0,0,0,0,0,58525.333333333336,0,0,0,0,0,12311,0,0,0,0,0,0,0,0,0,0,0,50414,0,0,0,0,0,0,0,0,0,0,0,0,0,77117,0,0,0,0,0,0,214663,0,0,0,210375,0,333097.3333333333,47704,0,0,0,0,0,0,0,0,0,0,0,0,0,0,0,0,0,0,0,0,0,0,0,0,0,0,0,0,0,0,3043759.6666666665,0,0,0,0,0,5397.666666666667,0,93325,0,0,0,0,137379.66666666666,0,0,1591655,44501.333333333336,152492.66666666666,0,13145,0,0,0,0,0,0,0,102859.33333333333,0,0,0,0,0,0,0,28056.666666666668,142024.66666666666,194141.66666666666,0,0,0,0,0,0,0,0,38471.333333333336,0,0,44455,0,19078.666666666668,0,0,185043.33333333334,0,0,0,0,0,0,0,0,0,0,0,0,0,0,0,0,35521,0,0,0,0,0,0,0,0,62411.666666666664,0,0,0,15389.666666666666,0,0,0,0,0,0,0,0,0,0,0,0,0,0,0,160964,0,0,0,0,0,0,0,0,0,0,37955.333333333336,0,0,21297.333333333332,97382.66666666667,0,0,0,0,0,0,0,0,0,0,0,0,0,0,0,0,0,0,0,0,0,0,0,0,0,0,0,0,0,0,0,69054.33333333333,0,0,0,0,0,165582,0,0,0,0,190001.66666666666,311887,0,0,0,0,0,0,0,0,0,0,0,0,0,0,0,0,0,0,0,0,0,0,0,0,0,0,0,0,0,0,0,0,0,0,0,0,0,0,0,0,0,0,0,0,0,0,0,0,88089.33333333333,0,0,0,0,0,0,0,0,293846.6666666667,0,0,0,0,0,0,0
helianthella_quinquenervis,0,0,0,0,0,2496138.5,547449.75,0,0,0,0,0,0,0,0,334730.5,343317.25,0,0,0,0,0,0,0,0,0,0,0,0,0,0,0,0,0,0,0,0,0,0,59946.75,0,251993.75,0,374670,101333.25,142656.75,0,0,0,0,0,0,89032.75,0,0,0,0,0,0,0,0,0,0,0,0,0,109573.75,35932,0,0,0,0,0,0,0,0,0,0,0,0,0,0,0,0,0,0,0,0,0,0,0,0,0,509524.5,0,0,0,172994.75,0,88096.75,9527.75,0,0,0,164650.25,0,0,0,0,0,0,0,0,0,0,0,0,0,0,0,0,473959.25,0,0,0,103423.5,0,0,0,35740.25,0,0,0,0,0,0,0,0,0,0,0,0,0,211084.25,0,0,0,0,0,0,0,0,0,0,0,0,0,0,385718.75,0,0,0,0,0,0,15310,0,0,32584,239641,0,0,0,759309.5,0,0,0,0,0,0,0,90665.25,474968.25,7254.25,976812.25,0,0,0,0,427711.75,0,0,0,152748.5,0,0,0,0,125923.25,0,0,16086.75,0,0,0,0,104638,143235.25,0,0,0,0,0,0,37068.75,0,0,0,0,0,0,137120.75,0,144442.25,0,0,0,0,0,0,0,0,0,0,0,0,0,0,0,0,0,9427.25,0,0,0,0,0,0,0,0,56946.75,0,0,0,0,0,67960,0,0,0,0,0,0,0,0,115561,0,0,62354,0,0,0,0,0,119735.5,18716.5,0,0,0,0,0,22280.25,0,0,0,0,0,0,0,0,0,0,0,0,0,0,0,0,0,0,0,0,0,0,36288.25,0,0,0,0,0,0,67655.5,0,0,53218.5,0,0,264954,349257.75,15607,0,0,0,0,0,0,0,0,0,0,0,0,0,0,0,0,0,0,0,0,0,0,0,0,0,0,0,0,473962.5,0,0,0,0,0,0
heliomeris_multiflora,0,0,0,0,448281,4455811,169948,2827335.25,0,53021.25,588548.25,0,95302.75,48396.25,0,1476069.75,0,0,0,0,0,0,65469.5,8353409.75,60210,0,34269.25,0,206050,0,0,24662.5,0,17389.75,66173.75,0,0,27248.5,0,0,0,362635,0,457493,106819.5,105292.5,0,0,49016,0,0,0,11124.5,0,0,0,0,0,0,0,0,0,0,0,43169.75,0,206663.25,628814,23692.75,62906.5,0,0,39192.5,0,0,0,0,0,0,0,0,0,0,0,25441,0,0,0,0,0,161192.5,0,0,259221.25,0,0,0,229627.75,0,0,0,23336.5,0,0,0,0,0,0,0,0,27283,284568,0,21495.5,110804,0,0,0,0,77234.25,0,244275.5,24677,0,0,23108.25,0,0,0,0,0,0,0,0,0,0,0,0,0,0,0,0,95172,0,0,345659.5,33940.5,0,14439.5,0,0,0,0,0,0,0,0,0,0,149588,0,0,0,0,0,55669.75,0,0,67465.25,0,0,0,0,0,0,0,10207,0,176147.75,0,0,7435.5,125780.75,0,7674031,0,0,0,0,148526.25,0,0,172953.25,0,0,0,0,0,0,0,51137.75,0,21734,111973.75,0,0,0,0,0,0,0,0,0,19059,179661,179674.25,0,0,0,31802.5,0,0,69035,0,0,0,0,0,0,0,0,0,0,0,0,0,0,0,194261,0,1096036.25,64334,171668.75,0,25680.25,0,0,0,20693.75,0,0,0,0,0,0,0,121615.75,0,0,0,0,0,0,0,0,0,0,0,39745,0,0,0,0,0,0,0,0,0,0,135289,0,0,0,85016.75,4935,0,2956242,0,107100.25,230960.75,11795.25,0,0,0,0,101413.25,64178,0,21683.25,0,0,0,0,0,0,0,0,20584.25,0,0,0,43342.25,0,0,0,0,0,544032.75,0,0,7509,0,0,0,0,0,0,0,0,0,165534,0,0,0,0,0,0,0,0,0,0,81264.25,0,0,0,163935.5,0,0,0,0,0,0,0,0,0
heterotheca_villosa,65896.85607940448,133989.45271122322,0,10133.076923076924,268413.91795142984,2621289.168327706,505641.8996460969,0,236431.6923076923,109646.34174022698,1071813.30159053,4908100.77358337,0,42840.769230769234,0,1761989.781637717,192613.3873408453,0,69510.41614123582,100722.85372005044,55101.48802017655,0,345916.94540942926,133489.05422446405,99835.69230769231,0,0,0,543539.1803278689,350.6179066834805,14031.068095838587,9621.441850058985,0,10192.615384615385,0,89090,38531.153846153844,11078.384615384615,0,35398.46153846154,25566.53846153846,1230494.5781637717,8546.692307692309,561376.9230769231,219976.23076923078,101119.0025220681,0,25819.059553349878,55099.16393442623,46695.38461538462,0,0,17469.53846153846,0,0,0,0,90283.38461538461,10069.846153846154,46981.307692307695,23026.784037749665,0,0,66082.30769230769,0,0,19201.69230769231,122043.46153846153,0,2580.769230769231,17147.30769230769,14315.692307692309,136564.92307692306,18007.69230769231,0,76941.52711223203,250601.19338567302,0,0,0,78921.07692307692,42784.76060692349,0,2224.6253101736975,297954.6818939918,62419.07692307692,77804.53846153847,80383.29280397022,0,20336.076923076922,233861.84615384616,0,0,0,0,78805.15384615384,0,245197,0,0,14977,0,91781.99369482975,0,0,0,0,19167.384615384617,3774.6153846153848,0,31436.846153846152,61426.769230769234,0,40942.153846153844,24729.53846153846,0,0,75566.13993410081,0,0,0,0,6983.09079445145,0,0,0,0,27519.23076923077,1655086.4001139,2363056.334580808,79431.53846153847,0,0,0,0,0,0,0,0,0,0,48884.53846153846,36604.53846153846,0,0,733775.9230769231,16049.281210592686,0,26661.69230769231,0,0,0,0,0,0,732291.7424236261,0,0,0,0,31363.65699873897,0,0,0,0,274966.31704836676,35399.38461538462,6189.307692307692,26456.49526095269,357176.3076923077,18676.373266078182,0,31525.46153846154,2407177.3431232967,0,0,0,0,133371.53593947037,498650.60102509864,699363.3493064312,714927.1614123582,21918.408575031524,19139.153846153848,710315.3392181589,1689.9873896595209,62368.769230769234,14066.830736687956,265657.81462799496,1364356.3530895335,0,0,0,22865.46153846154,147086.40198511168,0,7149.23076923077,32165.598991172763,12192.076923076924,0,53361.983281129236,0,9235.23076923077,251683.07692307694,0,0,0,0,0,0,0,384602.76923076925,464132.07692307694,0,675338.9391856161,158740.87096774194,46298.9330024814,10327.447545051458,0,0,158125.92307692306,49320.230769230766,324388.3278688525,28124.76923076923,0,0,0,0,0,33435.07692307692,15869.846153846154,0,0,0,0,20017.615384615383,0,20449.23076923077,41890.605296343005,0,248360.94606028558,64481.58540454786,105757.92307692308,0,34232.66118862629,3140082.7333116382,0,7071.846153846154,0,0,8303.615384615385,0,0,0,0,18089.53846153846,86295.23076923077,0,0,0,0,45810.230769230766,488032.762844242,0,0,4328.63523573201,94777,0,35737.53846153846,39019.307692307695,59415,0,0,0,0,24042.384615384617,0,0,0,8286.401985111663,0,25890.76923076923,0,98142.43379571248,0,0,140020.3076923077,0,4939.06683480454,76096.46153846153,28941.4888337469,0,425110.23076923075,0,12024.615384615385,176510.27490542244,12107.692307692309,0,0,0,17042.34552332913,548645.3993003296,0,0,13247.741488020178,260924.3076923077,74349.4602774275,0,0,0,4866.104218362283,0,0,59140.769230769234,22107.890818858563,0,0,146400.84615384616,90710.71248423707,39403.769230769234,0,33191.287841191064,0,0,0,0,2504.813895781638,49256.141235813375,0,63695.38461538462,0,0,0,0,2987.1374527112234,0,0,0,45394.846153846156,0,0,18313.084367245658,53707.38461538462,0,0,0,0,0,0,0,0,0,0,0,0
hydrophyllum_capitatum,0,0,0,0,0,0,0,0,0,0,0,0,0,0,0,78059.8088690791,0,0,0,0,0,61771.666666666664,0,22492.741935483875,0,0,0,0,453180.5505401526,0,0,133801.70544685354,0,0,0,0,0,0,0,59332.62295081968,0,0,0,0,87394.35483870968,89164.59677419356,0,7820.322580645162,108025.89276271059,0,0,0,0,0,96675.9677419355,0,0,0,0,0,0,0,0,0,0,0,0,0,0,0,0,8937.580645161292,0,0,0,0,0,0,0,90770.23809523809,42140.33051295611,0,0,0,0,0,0,0,415333.2567172824,0,0,0,51347.2131147541,0,0,0,0,0,0,0,0,0,0,0,154565.8064516129,0,0,0,0,0,0,0,0,0,0,0,0,0,0,0,0,0,26822.661290322583,0,0,55581.39344262295,0,0,0,49249.11290322581,0,0,0,0,0,0,0,0,0,0,0,0,0,54090.48387096775,10624.354838709678,0,0,0,0,0,0,0,0,0,0,0,0,0,0,0,162980.8064516129,0,0,0,0,9180.737704918034,0,0,252714.7133665735,0,5145.967741935485,0,0,0,0,0,0,0,0,0,0,7213.548387096775,0,0,82938.06451612903,0,0,0,0,0,0,0,0,0,0,0,0,0,27418.524590163935,0,0,0,0,0,0,0,0,0,0,0,0,0,0,0,0,0,0,0,0,0,0,0,0,0,0,0,0,0,0,0,0,0,0,0,0,0,0,0,23037.09677419355,0,0,65687.3168643449,30979.35483870968,0,0,0,0,0,0,0,0,0,0,0,0,0,0,0,0,0,0,0,0,0,0,0,0,0,0,0,0,0,0,0,0,0,0,0,0,0,0,0,0,0,0,0,0,0,34584.91935483871,0,0,0,0,0,0,0,0,0,28973.95161290323,0,0,0,0,0,0,0,0,0,0,0,0,0,0,0,0,0,0,0,0,0,0,0,0,0,0,0,0,53146.693548387106,0,0,0,0,0,0,0,0,0,0,0,0,0,0,0,0,0,0,0,0,0,0,0,0,0,0,0
ipomopsis_aggregata,0,0,0,0,0,615746.6,80528.6,0,159077.6,55230.2,0,0,0,0,0,3255426.6,0,0,0,42877,0,0,371477.2,169000.4,0,0,0,0,30521.4,0,0,9722,0,0,0,0,0,0,15216.6,0,0,0,0,396285.2,165371.6,21301.4,39626.6,0,31658.6,62365,148381.4,0,46768,0,0,0,0,0,18167,0,0,0,0,0,0,0,0,0,0,10906,27228.2,0,268574.8,0,37544.6,0,0,0,0,0,0,0,0,1575,63459,0,0,0,0,631793.2,94419,0,0,0,0,0,0,121748.8,0,0,0,0,0,0,0,0,0,0,0,0,0,0,0,78469.4,46947.4,0,0,0,0,133808,0,248230.6,0,0,0,87484,0,0,324159.8,481160.2,0,0,0,0,0,0,0,0,0,0,0,0,53421.4,0,0,1424877,21232.8,0,34871.6,0,0,0,0,0,0,0,0,0,0,0,0,0,0,0,0,19585.6,0,0,23655.2,0,0,0,0,0,0,0,0,0,113846,67822,0,53883.2,42907,0,294237.6,0,0,0,0,163016.8,0,0,298112,0,0,9168.6,0,0,0,0,14822.6,34112,23374,429879.8,0,0,0,0,0,0,0,0,0,0,940226.4,260953.2,152345.2,4393.8,20749.6,0,183705.6,0,0,0,0,0,0,0,0,0,0,0,0,0,0,0,0,7797,0,0,688234.6,22057.6,101258.6,0,0,1205637.6,0,0,0,0,0,0,0,0,0,0,0,0,0,0,0,0,0,0,0,0,108124.4,0,22825,0,0,0,45546.2,0,0,12048.6,0,0,0,0,0,0,0,0,7643.4,153422.4,0,0,0,224640.6,0,0,0,0,0,0,104876.4,0,0,0,0,0,0,0,20450,32187,0,0,0,0,0,55618.6,63485.6,99240.8,0,0,392938.2,0,0,0,0,0,0,0,79513.6,0,0,0,0,0,0,35373.2,0,0,0,0,0,0,0,0,0,29790,0,0,0,0,0,0,0,0,0,0,0,0,0
lathyrus_lanszwertii,247032.5265824805,0,1875325.443877551,1433929.5137974545,1128581.5590437788,0,1040157.3873723244,6961.088435374149,0,0,756884.6685032517,0,0,59053.28571428572,0,371645.2428070202,0,0,391885.67438705685,22815.14285714286,0,0,0,57555.40178571428,0,0,0,0,214599.68590904103,0,0,3617.285714285714,78101.25,0,0,509459.85714285716,0,0,0,61866.42857142857,0,233915,0,516133.14285714284,90994.85714285714,7000.142857142857,0,0,6949.659863945578,0,0,0,0,0,0,0,294988.28571428574,0,2572.396313364056,0,0,0,0,0,0,0,0,0,104732.21428571429,0,0,3396.734693877551,241645.41753072196,0,0,0,0,0,0,0,0,0,0,0,9885.285714285714,0,0,0,115714.11873840445,0,51574.42857142857,0,0,0,0,43171.42857142857,0,41480.857142857145,63683.07439104674,330059.9815668203,0,0,0,0,0,0,0,33729.05032467532,74813.18542901032,0,0,0,0,136319.4732142857,0,0,0,0,0,0,0,0,0,0,0,72021.38248847927,0,0,0,324701.3691710555,0,0,0,0,0,0,0,0,0,0,0,136047.73214285713,0,5181.168831168831,0,46361,0,0,0,0,0,0,0,0,0,0,0,0,0,0,108114.74654377882,0,0,0,0,11752.57142857143,0,0,16965.85714285714,0,0,0,0,0,0,0,0,0,101190.82949308757,0,0,14630.633750274304,0,0,225924.97402597402,0,7846.451612903227,0,0,30473.08755760369,0,20620.714285714286,33664.017857142855,0,0,0,0,0,0,240148.05069124425,90224.23129251701,98173.47598848924,0,0,0,0,0,0,182769,0,0,0,0,59470.97235023042,57637.142857142855,0,223467.08163265305,0,0,0,0,0,93757.90909090909,0,0,0,0,23245.428571428572,0,11095.238095238094,0,0,0,0,12428,17136.285714285714,0,0,0,0,105229.41964285714,23575.5117875596,28911.70506912443,0,0,606613.5227123108,0,0,0,0,0,0,0,0,0,0,0,0,0,0,0,0,24730.138180272108,0,0,0,0,0,23101.753246753247,0,0,0,0,0,0,49201.42857142857,0,0,0,100427.86607142857,0,65832.71428571429,7611.428571428572,0,0,0,0,0,3886262.3541604327,0,0,3241.168831168831,0,0,392301.5714285714,0,0,0,0,0,446042.9359028069,1468019.8860269915,0,0,10072.396313364055,482186,0,0,0,28346.51785714286,42599.71428571428,0,246631.1474654378,0,173241.57142857142,0,0,0,0,0,0,0,0,0,0,0,0,0,0,25442.488479262676,0,0,0,0,0,0,0,0,0,0,0,0,0,0,0,0,0,0,0,0,0,0,0,0,0
linum_lewisii,0,0,0,0,0,0,1510604.6,0,0,0,0,0,0,0,0,306956.6,0,0,0,0,0,0,117746,0,0,0,0,42315.2,638985.8,0,10132.8,0,0,0,0,0,0,18046.4,0,82603.4,0,588766.2,0,910087.4,171426.2,297531.2,0,0,12564,0,0,0,0,0,0,0,0,0,10170,0,0,0,0,0,0,0,0,0,0,4093.8,76912.2,25526.2,22581.6,0,0,0,0,0,0,0,0,0,0,0,50385.8,152815.4,0,0,0,0,0,0,0,0,0,0,0,213317.4,0,191971.2,0,228726.4,0,0,0,0,0,0,34479.4,0,0,0,0,0,0,0,0,0,0,0,0,140733.6,0,0,0,0,0,0,0,6347597.2,0,0,0,0,0,0,0,0,0,0,0,0,0,0,0,1165213.6,59752,0,0,0,116364.6,0,0,0,13639.6,0,0,31060.2,0,0,0,0,0,0,0,215077,170337.4,0,36593.2,3856630.6,0,0,0,0,0,0,0,0,0,0,0,27065.4,0,0,146737.6,0,0,0,0,0,0,76587.2,9186,0,0,0,0,0,0,0,200048.2,14902.2,0,0,0,0,0,0,0,0,43784.2,0,0,120410.8,0,0,0,0,0,0,0,0,0,0,0,0,0,0,0,0,0,0,0,0,0,0,0,0,200742.8,0,0,47440.2,0,29978.4,23441.4,384002,0,0,0,0,143156.4,0,0,0,0,0,0,0,0,60847.8,12488.4,0,0,0,186887.8,0,371653.6,0,213599,0,0,0,0,0,0,143239.2,0,0,0,0,73398,0,15814.8,208405.8,17808.4,0,0,0,15548.6,0,0,0,0,72950,0,0,0,0,9643.4,0,0,0,0,0,0,0,0,0,0,0,0,0,0,0,0,0,0,0,0,0,0,0,0,0,0,0,0,0,0,0,235887.2,0,0,0,0,0,0,0,0,0,0,0,75435.6,0,0,0,0,0,0,0,0,0,0,0,0
lomatium_dissectum,0,0,2886498,0,0,2710844.5714285714,6692112.857142856,0,0,527436.8571428572,0,0,0,0,0,2011828.2857142857,0,0,0,334121.14285714284,0,0,0,0,0,0,0,0,0,86036.57142857142,0,16197.42857142857,0,0,0,0,0,0,0,0,0,0,0,0,0,0,0,0,64977.428571428565,0,0,0,0,0,0,0,0,0,0,0,0,178713.42857142855,0,0,72198.85714285714,0,0,0,0,0,0,68165.14285714286,81368.57142857142,0,0,0,0,0,0,0,0,0,0,0,0,0,0,0,750442.2857142857,0,0,0,233482.2857142857,0,0,0,0,0,0,0,0,0,0,0,326521.71428571426,0,0,261369.42857142855,0,0,219980.57142857142,0,0,0,0,0,0,0,0,0,0,0,0,142955.14285714284,0,0,0,0,0,0,0,0,0,0,0,0,0,0,0,0,0,0,0,0,0,0,0,0,0,0,0,0,0,0,0,0,0,0,0,0,0,361520.5714285714,0,0,0,148975.7142857143,0,0,74535.42857142857,0,0,0,0,0,0,0,0,0,0,0,677982.857142857,37808.57142857143,127124.57142857142,0,467096.5714285714,0,0,0,0,0,0,0,0,0,0,0,0,0,409880.5714285714,0,968969.9999999999,9288,221679.42857142855,0,0,2251341.4285714286,0,0,0,0,0,0,0,0,1045085.1428571428,0,0,0,0,0,0,0,0,0,0,0,0,0,0,0,0,0,0,0,0,0,0,0,0,0,0,48254.57142857143,0,0,0,1669962.857142857,0,0,0,0,0,0,0,0,0,0,0,0,0,0,0,0,0,0,0,0,0,0,183638.57142857142,0,0,0,0,0,0,0,0,0,0,0,0,0,0,406403.14285714284,0,462719.14285714284,0,0,0,0,0,0,0,0,0,0,0,0,0,0,0,0,0,0,0,0,0,0,0,140526,0,0,98376,0,0,1137979.7142857143,0,0,0,0,0,0,0,0,0,0,0,131896.2857142857,0,0,0,0,0,0,760710.857142857,0,0,0,0,0,0,0,0,0,0,0,0,0,0,0,0,0,0,0,0
mahonia_repens,262395.4838709678,0,1339853.6629213481,0,0,2522597.225806452,20775573.24682856,45142.51685393258,0,754097.19971004,0,0,23838527.032258067,0,0,11070755.810801014,741930.5806451614,508790.3225806452,0,3905004.7589706415,0,0,24937.93548387097,1639243.8071765131,0,0,0,0,1328792.1964479885,0,0,24903.04893077202,25334.56179775281,237440.5161290323,0,0,0,52704.96774193549,0,0,0,0,0,0,0,0,0,0,23937.096774193553,0,7554.387096774194,0,0,0,0,0,4841318.344327656,374770.45161290327,0,0,0,3154231.528814788,0,0,0,415316.1203334541,0,0,0,0,44880.3870967742,142976.1290322581,392944.2210945995,0,0,0,0,336090.8046393621,0,0,0,0,0,0,0,0,0,0,169556.14425516492,0,201893.03225806454,289214.9032258065,0,0,0,0,0,0,0,0,0,0,0,0,0,239108.89887640448,143503.58753171438,8144.903225806453,5352430.345052555,0,395844.84595868073,0,0,337447.5483870968,0,0,0,0,0,0,0,0,0,250678.9191736136,0,0,1510467.6774193551,0,0,221858.90322580648,0,0,149655.6208771294,1835169.3881841246,0,204047.59985501994,0,148838.54005074303,0,890969.5802827111,0,0,486182.1573033707,13699.93548387097,134017.74193548388,0,0,0,39890.32258064517,0,0,0,0,0,694597.0830010873,1449624.9677419355,213089.70859006888,0,0,0,0,359200.71910112357,0,1680215.8608191374,0,1028789.5759333093,51478.838709677424,0,167988.75244653862,0,190421.9717288873,0,0,0,816690.5306270388,474465.2903225807,0,0,0,0,0,0,138688.83870967742,0,1032145.3548387097,0,3147103.9180862634,0,0,811997.5128669809,0,746444.4943820224,0,0,0,0,0,0,0,410144.9032258065,0,6074.903225806453,0,387915.4838709678,0,0,0,0,0,0,0,0,0,1011642.5806451614,0,0,0,0,0,0,87434.70967741936,0,0,0,0,0,0,0,0,0,0,0,1146360.3870967743,0,0,0,0,0,0,0,0,59314.258064516136,18243584.90322581,2839888.3928959765,0,4709957.695541863,0,0,0,0,68203.93548387098,0,0,0,0,0,0,0,0,0,101824.44943820224,196472.62921348313,889842.7741935485,0,0,0,0,0,1933367.7912287062,0,0,0,0,0,0,0,0,0,0,0,0,0,0,322247.80645161297,0,4719840.000000001,0,0,32197.354838709678,0,0,541456.7277999276,0,4056651.8318231246,0,43843.54838709678,0,0,0,0,0,0,0,0,0,0,0,0,1155083.5802827112,98634.7741935484,650954.5161290322,0,0,0,0,26663.325842696628,0,0,0,564937.3548387097,227735.61290322582,0,0,0,0,0,0,14239.161290322581,0,0,0,0,0,0,0,4494652.064516129,700970.846683581,0,0,0,0,0,0,0,0,0,0,0,0,0,0,0,0,0,0
mertensia_ciliata,0,0,0,0,0,189679.8,22414057.043010753,0,0,12318.580645161292,0,0,0,0,0,1443022.1161290323,0,0,0,152844.4,0,0,6925.5483870967755,0,0,0,0,0,66699.67741935485,0,0,0,0,0,0,0,0,313193.90967741935,460730.28571428574,0,237250.15975422427,0,0,0,31056.580645161295,10565.4,0,0,68251.13548387097,0,69400.64516129033,0,0,0,0,0,0,0,0,0,0,298484.03225806454,0,0,0,0,0,0,0,3812278.826420891,0,0,0,0,0,0,0,0,0,0,0,0,0,0,0,0,0,0,0,121268.32258064518,474713.1619047619,0,0,0,0,87077,219833,0,0,0,0,0,0,0,0,0,0,0,232134.46666666667,395250.45161290327,194831.4,13822.4,0,443905.8414746544,0,22406.322580645163,0,0,0,0,491077.9477726575,14344.645161290324,0,0,0,0,0,0,0,683250.5741935484,0,0,0,12745.741935483873,0,0,0,0,0,0,0,0,0,14934.1935483871,0,0,0,0,22324.7619047619,0,0,0,0,0,72388.22580645162,0,0,0,0,0,0,0,0,0,0,47099.8,0,29297,11652.288786482335,7841854.025806452,0,0,0,0,0,0,0,0,34645.74193548387,0,0,22585.8,28430,0,565182.8516129032,0,0,0,0,0,0,158618.6,0,19832,0,0,0,0,0,0,21159.4,0,0,146478.2,0,0,0,0,0,126667.2,0,262683.4,0,162456.3870967742,11205.2,0,0,0,0,0,0,0,0,0,0,0,0,0,0,0,0,0,0,0,0,0,51611.2,0,0,0,1080031.5084485407,249165.6098310292,0,38161,0,1902257.5748079878,0,2179205.5453149006,5953352.101382488,0,19186.285714285714,76726.28571428571,0,177716.8,0,29602.6,0,235468,1018511.1486943165,0,0,0,71135.6,0,0,0,0,0,376012.65560675884,31657.8,49817.6,471160.3010752688,0,0,0,3443701.910906298,1948032.0061443935,0,0,0,0,0,0,0,47085.87096774194,0,0,0,17967.483870967746,0,0,0,0,128823.27496159755,89264.4,0,77987,0,0,0,0,0,0,1091624.3963133642,0,0,10686.8,0,0,0,0,282121.2,0,0,16084.761904761905,0,0,0,0,75188.6,10904.129032258064,0,0,426950.8632872504,0,0,0,0,0,227069.4,0,81964,0,0,0,371797.6,0,0,0,0,0,0,45475.8,538390.9124423964,0,0,0,0,0,0,0,0,0,0,0
mertensia_fusiformis,0,0,0,0,0,498275.61904761905,2490205.9226190476,0,0,0,0,0,0,0,0,336388.9404761905,0,0,0,0,0,0,0,24720.47619047619,0,0,0,0,478263.24404761905,0,0,0,8951.25,0,0,0,0,0,0,0,0,0,0,97070,113890.23809523809,105548.09523809524,0,0,193417.98214285716,0,51711.75,0,0,0,41291.90476190476,0,0,0,0,0,0,0,0,0,113697.07142857142,0,0,0,0,0,36529.017857142855,0,85751.59523809524,0,0,0,0,0,0,0,0,0,0,0,0,0,0,0,446134.1964285714,0,0,0,0,0,0,62093.75,0,80443.75,0,0,0,0,0,0,238439.84523809524,0,0,49629.34523809524,6092.380952380952,0,0,0,0,249970.98214285713,0,0,0,0,0,0,0,0,81552.61904761905,0,0,260894.07738095237,0,0,43132.142857142855,494044.4761904762,0,0,0,0,0,0,0,0,0,0,0,0,0,0,70446.5,0,0,0,0,0,0,0,0,0,0,0,0,0,0,0,0,0,0,0,0,80250.04761904762,8703.571428571428,0,147822.2380952381,0,0,0,0,0,0,0,0,0,192206.25,0,0,38560.494047619046,74902.97619047618,0,567899.9880952381,101072.61904761904,0,0,0,0,0,0,0,0,0,0,0,0,0,228441.66666666666,26835,0,0,0,0,0,0,0,0,0,0,0,0,43860.23809523809,316591.2380952381,0,328397.4464285714,0,0,0,0,0,0,0,0,0,0,0,0,0,0,0,0,0,0,0,0,0,0,0,0,137113.39880952382,141802.23214285713,0,0,1636323.8333333333,0,0,0,0,0,0,0,0,0,0,0,0,0,0,0,0,238468.89880952382,0,0,0,0,0,0,0,0,0,0,0,0,0,0,0,0,0,0,0,0,0,0,0,0,0,67905.17857142858,0,0,0,0,0,0,0,0,0,0,0,0,0,0,0,0,0,0,0,0,0,68729.76190476191,0,0,0,0,0,0,0,0,0,0,0,0,0,0,0,0,39402.380952380954,0,0,0,0,0,0,0,0,0,0,0,0,0,0,0,0,0,0,0,0,0,0,0,0,0,0,0
potentilla_gracilis,0,0,0,0,0,0,45156.5,0,0,0,0,0,0,0,0,165997.25,0,0,0,0,0,0,257874.5,34516,0,0,0,0,258034.75,0,0,0,0,0,0,0,0,0,0,0,0,0,0,270948.25,0,0,0,0,15943.75,47778.75,0,0,0,0,0,0,0,0,16072.5,0,0,0,0,0,0,0,0,0,0,0,35212.25,0,41384.5,170482.25,0,0,0,0,0,0,0,0,0,0,230491,124955.25,0,0,0,0,53346.25,0,0,0,0,0,0,0,0,0,0,0,0,0,0,0,0,0,0,0,0,0,0,0,0,0,0,0,0,0,0,0,0,0,0,0,0,53094.5,0,1763910.5,0,0,0,0,0,0,0,0,0,0,0,0,0,54508.5,0,645746.25,0,0,19849.25,0,36114.25,0,0,0,0,0,0,0,0,0,0,0,0,0,0,181210.75,0,0,0,0,0,0,0,0,0,0,0,0,0,0,0,41625.5,0,0,151790.5,0,0,0,0,61228,0,0,0,49642.25,0,0,59599,0,0,0,40024,14993.5,0,109883.5,0,0,0,45795,0,0,0,0,0,0,74460.25,0,0,0,0,51105.5,12221.75,0,0,0,0,0,0,0,0,21718,0,0,0,0,0,0,0,0,139681.5,0,0,39826.5,19352.5,0,0,165577.5,0,0,0,0,0,0,0,0,0,0,0,0,0,0,0,0,0,0,0,0,0,0,38168.75,0,0,0,0,141553,0,0,0,0,0,0,0,0,0,23567.75,0,0,0,27650.5,0,116540.75,0,0,0,0,0,0,9962.5,0,0,0,0,0,0,1525,0,1048534.25,0,0,0,0,0,0,0,0,135372.75,0,0,0,0,0,0,0,0,0,0,0,0,0,0,0,0,0,0,0,0,0,0,0,0,0,0,0,0,0,0,0,0,0,0,0,0,0,0,0,0
potentilla_hippiana,0,0,0,30750.333333333332,0,165822.33333333334,102885.92063492064,0,0,89551,0,0,0,0,0,251612,0,0,0,0,0,0,138072,52095,0,0,0,325231.3333333333,443676.6666666667,0,0,0,0,0,0,0,0,0,0,0,0,0,0,514758.3333333333,165942,0,0,0,13485.333333333334,0,0,0,0,0,0,0,0,0,0,0,0,0,0,0,0,0,0,0,0,0,0,0,0,0,0,0,0,0,0,0,0,0,0,0,72606.66666666667,0,0,0,0,0,0,0,0,0,0,0,0,400831,0,9384.444444444443,51209.666666666664,0,0,0,0,0,0,0,0,0,0,0,0,0,0,0,0,0,0,0,0,0,0,46997,0,0,0,0,0,2341857.6666666665,161136.66666666666,0,0,0,0,0,0,0,0,0,0,0,0,0,0,1892247.6666666667,0,0,0,0,0,0,0,0,0,0,0,0,0,0,30065.079365079364,0,0,0,0,0,0,0,0,0,0,0,0,0,0,0,0,0,255332.66666666666,0,0,88182,0,0,5462.857142857142,0,0,0,0,0,0,0,0,46542,0,0,0,0,0,0,5316.507936507936,0,0,740020.6666666666,0,0,0,0,0,0,0,0,0,0,0,0,0,0,0,0,452664.3333333333,0,0,0,0,0,0,0,0,0,0,0,0,0,0,93705,0,0,0,0,0,41936.36507936508,0,0,0,1027368,0,0,0,0,0,0,0,0,0,0,0,0,0,0,0,0,0,0,0,0,0,0,32368,0,0,0,0,36610.666666666664,0,56054.666666666664,0,0,0,0,0,0,0,0,0,0,0,21930,0,0,0,0,0,0,0,0,0,0,0,0,0,0,0,0,0,0,0,0,0,0,0,0,0,0,83965.33333333333,0,0,0,0,0,0,0,0,0,0,0,0,0,0,0,0,0,0,0,0,0,0,0,69680.33333333333,0,0,0,0,0,0,0,0,0,0,0,0,0,0,0,0
pseudocymopterus_montanus,0,0,0,0,71657.6,9900410.8,1735491.2,0,0,1493397,137306.4,0,0,0,0,437440.8,29428.8,0,0,98497.2,0,0,0,355692.4,71597.4,0,90384.6,0,716704.4,0,0,9660.8,0,135368.6,0,0,0,0,0,0,0,0,18091.6,284713.2,129144.6,164373.4,0,0,22171.6,0,145890.4,0,0,30534.6,0,0,0,0,0,0,0,0,0,0,124727.4,0,187185.8,306750.4,0,0,0,0,0,0,0,0,0,0,0,0,0,0,0,0,26567.6,0,138089.8,0,0,0,73490.4,0,0,206922.2,0,0,0,420343.4,0,0,0,0,0,28563,0,0,0,0,79469.4,0,17724,241720.4,0,41680,0,0,0,0,0,0,0,0,0,0,0,0,0,0,75068,1677895.2,0,0,0,0,0,0,0,0,0,0,0,0,0,0,0,0,26704.6,68942.6,0,0,0,0,34262.8,0,0,0,0,0,0,0,0,0,64239.2,0,51268.6,214315.2,731539.4,0,32132.6,0,0,0,0,1506760.6,0,0,23864.6,0,373479.2,0,0,23513.8,47992.8,0,21023117.2,0,0,0,0,300952.4,0,0,89931.2,18136.8,0,9351.4,0,0,192745.6,0,152345.6,87933.4,0,0,0,24124.2,0,0,0,0,0,95375.4,56009.6,130230.6,1545761.6,52555.8,0,31984.2,0,0,0,268408.4,51553,0,0,0,0,0,0,0,138145.2,76957.2,0,69358.8,0,51422.8,0,0,0,0,0,35107.2,0,0,89665.6,0,0,0,56865.8,0,0,0,0,0,0,41014.8,0,0,0,0,0,0,0,0,0,0,0,0,79395.8,0,189242.8,0,0,0,0,0,0,0,0,0,123066.8,0,0,54302.8,16355.6,170361,0,750926.4,309333,0,0,0,1037720.2,0,0,0,0,45504.4,7928.2,0,0,0,0,0,0,522219,0,0,0,0,0,0,0,0,0,0,0,0,0,23173.8,0,0,0,0,0,0,0,0,0,111416,0,0,0,0,0,230103,0,0,0,0,0,0,0,0,0,0,0,0,0,22303.8,0,0,0,21910.6,0
ranunculus_inamoenus,0,0,0,0,0,0,0,0,0,0,0,0,0,0,0,80608,0,0,0,0,0,0,0,68452.75,52386.75,10689.75,0,0,97958,0,0,13351.25,0,0,0,378846,421936.25,67079.5,0,0,0,0,0,311719,95723.5,143330.5,0,0,27496.75,0,178685,0,0,0,0,0,0,0,0,0,0,0,0,0,0,0,0,0,0,0,59496.25,0,107213.75,0,0,0,0,0,0,0,0,0,0,0,0,0,0,0,0,0,968410.25,0,0,195581.25,0,61619.75,0,317844.25,59157.5,0,0,0,0,47502.25,0,0,0,0,0,0,0,0,0,0,57734,25940,0,0,0,0,0,0,0,0,0,121300.25,0,0,73151.5,980903.5,12163.25,0,0,0,0,0,0,0,0,0,0,0,0,0,0,303789.5,0,0,40282.75,0,0,0,0,0,0,0,0,340705.25,0,0,0,0,0,0,0,36883.5,0,0,19930.75,0,0,0,0,0,0,0,21874.5,0,0,0,0,13981.5,16575.25,0,135500,0,0,0,0,0,0,0,0,0,0,0,0,0,0,0,37561.75,19077.5,0,0,0,0,0,109458,0,0,50558,0,0,0,0,0,0,0,0,0,0,0,0,0,0,0,0,0,0,68662,75004.5,0,0,0,0,0,0,99087.25,0,0,0,5054.25,0,0,0,256026.25,0,0,0,0,0,0,0,0,0,0,121442.75,0,0,0,0,0,46259.25,0,0,0,0,0,37541.75,0,0,0,0,0,0,0,0,0,0,0,0,0,0,53251.75,31255.25,0,0,0,0,100167.5,0,0,0,0,265138.25,0,215910.5,0,0,0,0,0,0,0,288396.25,458998.25,0,0,0,0,0,18717.25,0,0,0,0,0,287065.25,0,0,0,0,0,0,0,0,0,0,0,0,0,0,0,0,0,12532.75,0,0,0,0,0,0,25398,0,0,0,0,0,0,0,0,0,456894.25,0,0
rosa_woodsii,785912.3333333334,0,687766.3333333334,0,0,6824807.666666667,173993.66666666666,7573715.666666667,0,42391,2684447.6666666665,0,0,847471,0,2042020.6666666667,2262025,0,0,258075.33333333334,0,0,76815.33333333333,0,0,1637409.3333333333,0,0,358555.3333333333,0,222162,1932562,1258272.3333333333,0,0,0,0,0,0,0,0,0,0,773376.3333333334,204134.66666666666,1066705.3333333333,0,0,0,0,0,0,59738,0,0,0,0,0,0,0,0,0,0,0,0,0,114188.66666666667,406196,0,0,0,0,627628.3333333334,0,0,0,0,0,0,0,0,0,0,0,78675,0,0,0,0,0,0,0,0,0,0,0,0,488270,0,0,0,0,0,0,0,0,0,11129,0,0,31670.333333333332,0,0,0,3090718.6666666665,0,0,0,0,0,0,0,487656.6666666667,0,0,0,0,0,0,2331904,0,0,0,0,296515.3333333333,0,0,0,0,0,0,0,0,0,0,1429530,0,0,34712,0,0,0,0,0,0,0,0,0,0,132278.33333333334,0,0,11072599.666666666,0,202776,835080,498813.3333333333,7639807.333333333,13814.333333333334,0,46681.666666666664,0,0,3575384.6666666665,0,0,0,0,408132,141362.66666666666,0,66336.33333333333,166995.33333333334,365460.6666666667,951367.6666666666,0,0,0,0,1131948.3333333333,0,0,0,0,0,0,0,0,0,0,0,0,0,0,0,0,0,0,0,0,0,0,0,0,1124971,0,0,0,0,116634,0,0,182046.66666666666,1016997.6666666666,0,0,0,0,0,0,0,0,0,0,0,57343.333333333336,30068.333333333332,0,584915,0,0,0,26185,0,0,0,0,0,0,0,0,0,0,0,0,0,0,0,0,0,0,0,0,0,0,0,666919.3333333334,0,0,7779751,24322073.333333332,0,0,0,0,0,0,0,0,0,0,934.6666666666666,0,689466.6666666666,0,49344,0,0,0,0,0,0,0,0,0,0,0,0,275565,0,0,398994.3333333333,0,0,0,628494.3333333334,0,0,0,0,0,0,0,0,0,0,0,417678,0,14253052.333333334,17655.666666666668,0,194519.66666666666,0,0,0,0,0,0,0,253966.66666666666,0,0,0,0,0,0,0,0,0,46011,0,0,0,270729,0,5075670,0,0,2086505.3333333333,3113573,0,0,2266052,0
sedum_lanceolatum,0,0,0,0,0,0,0,0,0,8479.180327868853,0,0,0,0,0,91524.50546448087,0,0,0,0,0,0,26653.60382513661,0,0,0,0,125093.83333333333,632482.8142076503,0,0,26466.5,0,0,0,0,30743.93442622951,0,27874.5,49675.166666666664,0,0,0,168551.16666666666,79725.83333333333,62579.166666666664,0,0,14021.535519125684,0,113037.92349726777,0,0,13952.210382513662,0,0,0,0,0,0,0,0,0,0,0,0,0,0,0,0,0,0,0,39444.166666666664,0,0,0,0,0,0,0,0,0,0,0,50346.166666666664,0,0,185204.79781420765,0,0,0,0,0,24390.655737704918,0,0,85047.33333333333,0,0,0,0,0,0,0,0,0,0,0,0,0,0,0,124808.55737704918,0,0,0,0,0,0,0,0,0,0,118708.3606557377,44761.09016393443,0,0,0,1023.9344262295082,0,0,0,0,0,0,0,0,0,0,0,0,0,0,0,290141.5,0,0,0,0,0,0,0,0,0,0,0,0,0,0,0,0,0,0,0,0,0,0,20528.494535519127,0,0,0,0,0,0,0,0,0,0,0,0,12612.508196721312,0,0,11262.295081967213,0,0,0,0,0,0,0,0,0,0,0,0,87538.56010928962,0,0,0,32176.92349726776,0,0,0,0,0,0,0,0,0,0,0,0,0,0,0,0,0,0,0,0,0,0,0,0,0,0,0,41379.15027322405,32081.333333333332,0,0,0,0,0,0,0,0,0,73310.98360655738,46295.448087431694,13581.639344262296,0,0,569548.155737705,0,0,0,0,0,44442.333333333336,0,0,0,0,0,31207.21584699454,0,0,0,0,14080.833333333334,0,0,0,271496.1666666667,0,14617.314207650274,0,0,0,0,0,0,0,0,0,0,218996,0,0,0,22611.5,31912.166666666668,0,0,0,53928.833333333336,0,0,0,0,0,62171.76229508197,0,0,0,0,13277.04918032787,0,0,0,0,0,338279.1666666667,0,0,0,0,0,112877,0,0,0,0,0,132923.83333333334,0,191776,0,0,0,0,0,0,0,0,0,0,0,29217.04918032787,0,0,0,0,0,0,0,0,0,6294.833333333333,0,0,0,0,0,0,0,0,0,0,0,0,0
senecio_integerrimus,0,0,0,0,0,6425445.875,455146.4314516129,6819.798387096775,0,29388.5,0,0,962950.5241935485,0,0,933424.0403225806,1083911.5161290322,0,0,180884.75,0,0,165751.27860983103,294499.125,0,0,89785.5,0,217632.43548387097,0,0,389798.3254608295,24854.5,0,0,0,0,6817.125,0,865045.5401305684,0,494736.25,0,678668.375,5178941.715053763,308885.75,46671.5,0,104327.61251920123,17105.75,0,0,5657.125,0,3028961.2275345623,0,0,0,8489.5,0,39349.125,25448.875,0,0,10614.875,0,181852.5,295050.125,0,0,0,4467,145180.7674731183,0,30543.46966205837,0,114438.25,0,0,0,0,0,0,0,225024.59466205837,0,81967.875,0,0,0,46976.125,192736.75,0,0,0,0,0,415064.75,0,0,9726.5,0,0,17865.375,0,0,7776.895161290324,16847.261904761905,347319.36904761905,0,24690.5,0,0,51268.625,0,4609,0,0,0,0,0,0,32431.612903225807,0,0,558493.5,0,0,237866.97580645164,1444216.9523809524,0,0,0,0,0,0,0,0,154652.90322580648,0,0,0,82858,0,248409.0476190476,609758.5,0,0,21752,0,31666.25,0,0,0,0,0,0,0,0,0,0,102743.95161290324,7560.5,0,12912,483289.6580261137,89031.73387096774,0,57237.93145161291,0,41254.7601766513,0,69391.125,1412505.875,0,0,0,0,198153.125,0,0,29221.100806451614,181233.83467741936,138156.75806451612,1004837.25,0,0,0,0,0,0,0,153375.27822580648,89765.875,0,0,0,0,203681.875,68153,45025.125,82706.57738095238,104183.98425499233,0,0,0,0,0,39120.75,0,0,0,0,107857.38575268818,200993.625,0,0,0,0,37006.5,0,0,0,132011.25,0,102471.71850998464,0,0,0,0,82912.25,0,0,0,0,0,98180.625,0,83567.5,0,0,18409.393241167436,526509.75,0,7051.625,133102.625,0,19985.625,0,0,0,0,0,0,0,0,0,0,0,0,0,0,16218.991935483873,0,0,0,0,0,10702,0,0,0,0,0,0,23720,0,0,20188,372485.7380952381,75688.375,0,0,192592.05357142858,4890.625,16849.625,0,0,51171.25,0,67613.375,0,0,60010,0,42766.25,0,0,121367.73790322582,0,0,0,0,0,0,345354.75,0,0,0,0,0,0,54742,0,141918.375,0,0,33364.25,269101.25,1615105.375,235.375,0,279447.75,0,0,0,0,90683.09523809524,0,38520.34466205837,0,0,0,0,0,1160540,0,0,0,0,0,0,0,0,0,0,0,97003.25,0,0,0,0,0,0,0
senecio_serra,0,0,515057.6666666667,0,0,0,3534175.3333333335,0,0,0,1200217.6666666667,0,0,0,771875,3928403.6666666665,33162.333333333336,0,0,348525.6666666667,0,0,68795.33333333333,1988908.3333333333,0,0,14816,0,495815,0,735351,0,586691,0,0,0,0,0,0,320459.3333333333,0,606842,0,730881.3333333334,7805391.666666667,163141.33333333334,0,0,27612,228348,0,0,0,0,543833.3333333334,33197,0,0,333985.6666666667,0,0,0,0,0,88950.66666666667,0,0,0,0,0,0,48287,0,0,0,0,0,0,0,0,0,0,0,22135,204629.66666666666,0,0,0,0,0,349518,590317,0,0,0,0,0,135479.66666666666,0,0,0,0,0,340402.3333333333,0,0,0,26181.666666666668,200042.33333333334,0,193053.33333333334,0,0,840660.6666666666,0,0,0,0,206040.66666666666,0,0,0,34596,0,0,0,0,0,0,3759021.3333333335,0,23067.333333333332,0,0,0,0,0,0,0,0,0,0,0,0,0,0,0,0,0,0,0,0,0,0,0,0,0,0,0,0,0,0,0,0,0,977789.6666666666,753949.3333333334,0,89870.66666666667,0,0,0,0,294202.6666666667,0,0,0,0,0,0,0,0,45415.333333333336,0,1389377,0,0,0,0,0,0,58420.333333333336,0,0,0,0,0,0,0,650192.6666666666,154640,0,0,0,0,3002579.6666666665,0,0,0,0,0,0,0,33747,1074748.3333333333,0,2414055,0,0,0,0,0,0,0,0,0,0,0,0,0,0,0,0,0,0,0,330923.6666666667,0,0,0,0,27216.666666666668,0,233610.33333333334,128049.33333333333,2918255,0,44639,0,0,0,0,0,0,0,0,160107.33333333334,0,0,0,31406,0,0,0,0,0,0,0,492423.6666666667,0,0,0,0,0,0,0,0,0,0,0,0,0,0,0,339510.6666666667,0,0,0,0,0,35922.666666666664,0,0,133866,0,0,0,0,0,0,0,0,0,0,517165.3333333333,0,0,0,0,0,0,0,0,0,0,0,0,0,0,0,0,0,0,0,0,0,0,0,0,0,0,0,0,0,0,1549322,0,0,0,0,0,254556,0,0,0,0,0,0,0,0,0,0,0,0,156495.66666666666
solidago_multiradiata,0,0,0,0,13743.8,17098015.2,382160.4,0,0,269405,0,0,74606.8,0,0,5717084.2,100602.6,10373.6,0,89772.8,0,0,142022.6,48902.6,72795.8,0,197244,0,346834.2,69473,0,40989.4,50374.2,0,0,239875,0,0,0,1228431,0,225593,0,149584,16073615.2,115584.8,0,0,85276.4,0,0,0,0,0,0,0,0,0,3295,0,0,0,0,0,0,0,335605.2,779040.4,0,0,34320.4,14689,173568.4,0,39984.4,1007376,4211318.6,0,0,0,0,0,0,5025.2,0,15623.8,0,0,0,175465.4,0,0,0,206497,0,133702.4,0,0,0,0,0,0,0,0,54965.8,0,0,0,10112.8,0,18573.2,0,0,0,0,0,0,0,0,0,0,0,62805.4,0,0,0,0,61933.6,150261.2,1424717,0,0,0,0,0,0,0,0,0,0,0,0,0,0,0,738198.4,0,81626.6,193555,0,0,0,0,0,0,0,0,0,0,0,0,0,0,0,0,11192,0,0,357144,0,50439.4,91591.6,0,499801.4,0,0,0,386723.4,174354.8,167427,158876,48265.2,248692.8,0,19701298.6,58605.2,59831.4,0,225420.2,5838656.2,0,0,44591.8,206878.8,214800.4,0,186471.4,0,0,230956.6,144081.4,0,0,0,730335.8,296667.8,8767.6,0,0,0,0,0,141192.6,26844.4,67275.8,0,0,56865,0,0,14453.4,154777.6,0,0,0,0,0,0,0,32274.8,0,0,0,0,0,0,204447.4,177440.2,0,0,1530908,74577,325318.8,0,54070.2,8344482,0,0,0,0,14537.8,0,0,75264.2,0,39121.4,92797.2,0,0,24489.4,0,0,0,0,0,0,0,42954.8,0,0,0,0,0,0,0,0,0,0,0,0,0,0,0,31390.6,0,142559.4,0,0,1459244.2,0,3231655.8,0,0,0,193853.2,0,193774.6,0,0,0,0,0,0,0,156776,0,0,0,0,0,0,0,0,54769.8,0,0,0,0,0,185125.2,0,0,0,0,0,20569,0,0,0,0,51252.2,0,0,0,0,8380.6,0,0,0,686962.2,0,0,0,0,0,0,0,0,0,0,0,0,362968,0,131862.6
taraxacum_officinale,0,0,0,0,0,0,0,0,0,0,0,0,0,0,0,134512.6,0,0,0,0,0,0,31439.8,182319.6,86243,0,0,0,231293.6,0,18807,7727.4,18772.6,0,0,0,0,0,0,0,0,49933.6,0,512071,294032,110616.8,37879.8,0,26642.8,0,0,0,0,11248,0,0,0,0,13782.6,0,0,0,0,0,0,0,0,0,0,0,55773,0,9366.8,0,0,0,0,0,0,0,0,0,0,0,51993.8,0,0,0,0,0,1520590.4,0,0,0,0,0,0,399275.8,0,0,23332,0,0,60098.6,0,0,0,0,0,0,0,0,38182,0,0,0,0,0,0,0,0,137127.2,8848.2,0,0,0,0,0,0,1403929.2,0,0,0,0,0,0,0,0,0,0,0,0,0,0,0,0,0,127562.6,0,0,0,0,0,0,0,0,0,0,0,0,0,0,0,0,0,255896.4,88386.2,0,8478.6,0,0,0,0,28330.4,0,0,50078.2,0,0,0,0,41485.6,0,0,42900.6,0,0,0,0,69290,0,0,0,0,0,0,0,0,0,0,28267.6,35049.6,0,0,0,0,0,0,0,0,40882.8,0,0,0,0,0,0,0,0,0,0,0,15708.6,0,0,0,0,33935.6,0,0,59226.8,0,0,0,0,37961.4,0,0,88750.4,0,0,13859.6,0,0,0,292812.8,0,0,0,0,0,0,0,0,0,0,16223.6,16526.4,0,0,0,0,0,0,0,0,0,14502.6,35762.6,0,0,0,0,0,0,0,0,0,0,110480,0,0,0,44059.4,0,42535.8,0,0,0,48669,0,0,0,0,0,0,0,0,0,0,0,0,0,0,0,428235.8,0,25207,0,0,0,0,0,138057,184665.6,0,0,0,0,0,0,0,240020,0,0,0,0,0,0,0,0,0,0,0,0,0,0,0,0,0,0,0,0,0,0,0,0,170765.4,0,0,0,0,0,0,0
vicia_americana,0,0,0,0,0,0,3954,0,0,0,0,0,0,0,0,199269.4623655914,0,0,0,0,0,0,19630.833333333332,10633.548387096775,0,0,0,0,175437.92396313365,0,0,5366.984126984126,0,0,0,34265.833333333336,0,26628.833333333332,0,0,0,349773.6666666667,0,174514.5,0,17823.174603174604,0,0,0,0,0,0,27449.166666666668,0,0,0,0,0,0,0,0,0,0,0,0,0,0,0,0,0,23374.37019969278,0,36676.36021505376,0,0,0,0,0,0,0,0,0,0,0,0,0,0,0,79361.11111111111,0,0,0,0,0,44679.709677419356,0,73012.90322580647,251800.66666666666,0,17002,0,0,0,0,0,0,0,0,0,0,0,0,95898.5,19903.015873015873,0,0,0,0,0,0,0,0,5757.619047619047,0,0,42549.920634920636,0,0,180221.75396825396,857486.2608806964,0,0,0,0,0,0,0,0,0,0,0,0,0,70617.5806451613,96885.00000000001,160434.66666666666,0,0,9759,0,0,0,0,0,0,0,0,0,0,0,0,0,0,0,0,11568.833333333334,0,0,0,0,0,0,0,0,0,0,0,0,0,0,0,21833.86559139785,14220.333333333334,0,121106.70430107527,0,0,0,0,0,0,0,0,29053.833333333332,0,0,0,0,0,38544.35483870968,5515.555555555555,15317.333333333334,0,0,0,0,4505,0,0,0,47594.666666666664,21433.333333333332,0,0,48587.333333333336,0,0,0,0,0,0,0,0,0,0,0,0,0,0,0,0,0,0,0,0,0,0,0,86000.83333333333,0,163023.5,51359.00742447517,62886.833333333336,0,0,622046.7145417307,0,0,0,0,0,0,0,0,0,0,137359.11392729136,0,0,0,0,0,0,0,0,0,0,0,17339.833333333332,0,0,0,0,0,0,51861,0,0,0,0,7217.666666666667,7032.666666666667,0,0,0,0,0,0,26524.285714285714,0,0,0,0,0,0,0,0,0,0,0,0,0,0,0,26306.833333333332,0,0,0,0,0,0,0,58276.333333333336,382715.1666666667,0,0,0,162966.66666666666,0,0,4221.746031746032,0,88330.83333333333,0,0,98543.87096774194,0,48405.64516129033,0,13062.419354838712,90643.33333333333,0,0,0,0,0,0,0,0,0,0,0,6773.5,0,0,0,0,0,0,0,0,0,0,0,0
viola_praemorsa,0,0,0,0,0,0,1478485.105386417,55619.428571428565,0,0,0,0,0,0,0,229714.6023016293,0,0,0,5091.428571428571,0,6686.857142857142,0,3285.0967741935483,28661.904761904763,0,0,0,143783.31797235025,0,0,0,0,0,0,0,0,0,0,0,0,0,0,0,0,0,0,0,0,0,72766.64516129033,0,0,0,0,0,0,0,0,0,20497.52380952381,7244.852459016394,0,0,0,0,0,0,0,0,0,0,15589.408274785323,0,0,0,0,0,0,0,0,0,0,0,0,0,0,0,46489.904761904756,33503.80645161291,0,0,0,0,0,0,0,0,51437.41935483871,18622.095238095237,0,0,0,0,71554.20765027322,0,0,8748.190476190477,26462.551131928183,0,35366.85714285714,0,22981.37704918033,12975.047619047618,0,0,0,0,0,0,0,0,0,0,0,138669.1274457959,0,0,0,0,0,0,0,4567.428571428571,0,0,0,0,4549.142857142857,0,0,0,0,36022.433179723506,0,0,0,0,0,0,0,0,0,0,0,0,0,0,0,0,0,0,0,0,0,0,0,0,64307.23809523809,0,0,0,0,7035.540983606557,0,0,0,0,153193.1612903226,0,0,7143.483870967742,0,0,88936.70882123342,0,0,0,0,57811.55614313415,0,7244.95238095238,0,0,0,0,0,0,0,174035.61904761902,0,6867.428571428571,0,0,0,0,7177.170960187354,0,0,0,0,0,0,10416.380952380952,0,0,0,0,0,0,0,0,0,0,0,0,0,0,0,0,0,0,0,0,0,0,0,0,0,0,0,5301.262672811061,64200.304147465446,0,0,0,0,0,0,14398.285714285714,0,0,0,0,0,0,0,0,0,0,0,0,51307.16129032259,0,0,0,0,8130.0952380952385,39481.47384855582,0,0,0,0,0,0,0,0,0,0,0,0,0,0,0,53472.96774193549,0,0,0,0,0,0,0,0,7773.639344262296,0,0,0,0,0,0,0,0,0,0,0,0,0,0,0,0,17327.04761904762,0,0,0,0,0,0,0,0,0,0,0,0,0,0,0,0,0,0,0,0,33116.32258064517,0,0,0,0,0,0,0,0,0,0,0,0,0,0,0,0,0,0,0,0,0,0,0
